DATA,D1,D2,D3,D4,D5,D6
24/08/2023,5,31,37,47,52,58
22/08/2023,10,15,20,35,37,59
19/08/2023,9,19,22,24,50,60
16/08/2023,6,9,14,16,42,47
12/08/2023,4,6,13,21,26,28
09/08/2023,5,36,39,41,44,50
05/08/2023,6,17,29,35,45,48
02/08/2023,3,14,36,42,43,44
29/07/2023,6,16,23,35,38,49
27/07/2023,5,7,22,23,41,59
25/07/2023,3,8,13,14,19,25
22/07/2023,14,26,40,42,46,52
19/07/2023,20,27,34,44,50,54
15/07/2023,4,12,18,21,25,49
12/07/2023,10,23,34,53,55,57
08/07/2023,3,21,27,32,35,60
05/07/2023,7,13,17,24,29,52
01/07/2023,7,11,25,51,57,60
29/06/2023,2,10,16,32,45,49
27/06/2023,5,11,26,35,46,54
24/06/2023,16,17,19,22,46,57
21/06/2023,3,7,13,29,52,56
17/06/2023,11,14,16,30,32,46
14/06/2023,3,8,34,40,44,55
10/06/2023,4,18,37,38,46,60
07/06/2023,23,28,34,43,47,60
03/06/2023,7,14,24,53,58,60
31/05/2023,14,26,34,54,56,58
27/05/2023,34,35,39,47,51,56
24/05/2023,1,13,34,39,50,52
20/05/2023,7,26,32,35,49,55
17/05/2023,10,14,17,25,32,39
13/05/2023,15,17,28,34,35,51
11/05/2023,10,11,21,23,28,30
09/05/2023,2,12,28,36,43,48
06/05/2023,1,15,16,25,32,36
03/05/2023,9,13,22,31,57,58
29/04/2023,5,10,11,22,23,37
26/04/2023,10,18,41,49,53,59
22/04/2023,14,26,34,36,43,59
19/04/2023,1,5,12,36,53,55
15/04/2023,2,20,27,30,52,59
12/04/2023,10,14,17,19,21,34
08/04/2023,14,17,32,36,39,60
05/04/2023,3,4,13,29,36,43
01/04/2023,5,10,26,35,38,44
29/03/2023,37,39,47,50,59,60
25/03/2023,12,18,22,31,44,50
22/03/2023,29,32,33,35,38,43
18/03/2023,4,12,14,41,46,53
16/03/2023,12,17,43,44,48,60
14/03/2023,6,26,32,35,37,49
11/03/2023,3,7,15,22,24,50
08/03/2023,9,18,33,38,41,51
04/03/2023,8,18,26,27,47,50
01/03/2023,6,7,25,28,31,52
25/02/2023,16,22,29,35,38,49
23/02/2023,10,11,19,33,58,60
18/02/2023,11,23,45,53,57,59
16/02/2023,9,13,25,39,46,54
14/02/2023,7,8,14,19,32,45
11/02/2023,5,9,14,30,38,50
08/02/2023,6,12,32,44,51,57
04/02/2023,19,22,37,44,51,56
01/02/2023,4,5,17,20,48,52
28/01/2023,9,12,20,30,32,35
25/01/2023,2,10,18,25,34,44
21/01/2023,3,13,16,25,27,33
18/01/2023,2,6,10,14,34,56
14/01/2023,3,20,45,52,53,58
12/01/2023,19,25,43,44,48,49
10/01/2023,13,15,53,54,55,58
07/01/2023,5,24,25,33,38,41
04/01/2023,1,25,29,43,46,48
31/12/2022,4,5,10,34,58,59
17/12/2022,1,6,10,30,33,35
14/12/2022,9,15,23,25,29,30
10/12/2022,10,25,31,37,38,57
07/12/2022,3,23,28,34,38,48
03/12/2022,20,23,32,36,39,57
30/11/2022,25,38,45,53,55,56
26/11/2022,2,5,27,30,46,53
24/11/2022,12,20,22,25,26,55
22/11/2022,10,28,45,47,57,59
19/11/2022,2,8,28,34,41,49
16/11/2022,1,23,32,33,36,59
12/11/2022,6,15,19,20,33,52
09/11/2022,12,24,26,31,37,48
05/11/2022,9,22,27,30,33,45
03/11/2022,1,3,24,37,51,56
29/10/2022,28,36,39,44,56,60
26/10/2022,17,18,20,37,45,53
22/10/2022,10,14,17,18,23,30
20/10/2022,1,5,18,49,55,56
18/10/2022,14,17,18,28,30,44
15/10/2022,3,5,32,56,57,59
13/10/2022,4,15,22,53,56,60
08/10/2022,8,19,29,38,48,56
05/10/2022,2,16,24,38,43,59
01/10/2022,4,13,21,26,47,51
28/09/2022,3,20,22,37,41,43
24/09/2022,1,10,27,36,37,45
21/09/2022,4,5,25,32,39,40
17/09/2022,23,28,33,38,55,59
15/09/2022,2,17,22,41,58,60
13/09/2022,3,8,20,36,38,57
10/09/2022,3,22,23,44,53,60
08/09/2022,1,5,6,16,22,39
03/09/2022,8,17,49,51,52,53
31/08/2022,3,12,19,41,45,54
27/08/2022,5,15,24,34,45,52
24/08/2022,13,19,21,35,46,50
20/08/2022,7,10,34,47,49,52
17/08/2022,4,10,15,39,41,49
13/08/2022,8,13,25,32,44,57
10/08/2022,8,37,39,50,59,60
06/08/2022,41,45,48,51,53,58
04/08/2022,4,6,12,34,35,53
02/08/2022,21,22,29,34,40,44
30/07/2022,3,5,19,26,43,51
27/07/2022,14,33,41,42,44,55
23/07/2022,3,14,16,38,43,45
20/07/2022,16,20,21,39,44,55
16/07/2022,11,27,32,40,58,59
13/07/2022,5,16,25,32,39,55
09/07/2022,11,19,38,47,56,59
06/07/2022,9,12,26,29,46,47
02/07/2022,5,14,23,46,48,52
30/06/2022,7,26,31,38,46,58
28/06/2022,8,12,14,30,33,41
25/06/2022,1,4,10,22,53,54
22/06/2022,4,9,37,43,44,56
18/06/2022,10,30,31,33,42,52
15/06/2022,22,29,38,43,48,53
11/06/2022,11,16,17,41,46,59
08/06/2022,3,10,13,25,41,42
04/06/2022,17,31,34,40,56,57
02/06/2022,23,36,42,48,54,58
31/05/2022,8,9,17,19,33,56
28/05/2022,5,12,32,38,47,60
25/05/2022,11,14,36,41,54,59
21/05/2022,20,34,38,40,49,54
18/05/2022,1,32,35,44,45,57
14/05/2022,1,8,21,27,36,37
11/05/2022,4,6,9,31,50,56
07/05/2022,10,15,17,20,21,35
04/05/2022,2,17,23,28,39,46
30/04/2022,20,33,37,38,49,50
28/04/2022,2,7,32,46,49,55
26/04/2022,1,40,44,45,58,60
23/04/2022,22,30,38,39,49,56
20/04/2022,15,18,28,42,55,60
16/04/2022,5,13,18,23,35,36
13/04/2022,8,23,29,30,36,55
09/04/2022,8,33,40,42,48,51
06/04/2022,5,28,30,38,52,55
02/04/2022,22,35,41,42,53,57
30/03/2022,1,10,19,34,35,45
26/03/2022,2,3,13,20,53,54
23/03/2022,3,8,23,29,53,54
19/03/2022,2,7,24,43,52,56
16/03/2022,11,16,31,37,42,51
12/03/2022,3,16,23,41,45,57
09/03/2022,8,11,16,21,32,37
05/03/2022,16,17,18,28,35,47
03/03/2022,15,24,33,49,53,59
26/02/2022,15,40,44,45,47,51
24/02/2022,10,19,46,47,49,50
22/02/2022,28,34,40,41,52,55
19/02/2022,21,38,50,53,56,59
16/02/2022,9,14,22,24,44,47
12/02/2022,10,14,15,24,34,44
09/02/2022,8,10,51,56,57,58
05/02/2022,13,26,31,46,51,60
02/02/2022,2,6,11,15,17,39
29/01/2022,14,20,21,31,49,52
27/01/2022,18,30,32,35,40,48
25/01/2022,13,19,29,42,49,52
22/01/2022,1,13,27,41,51,58
19/01/2022,11,25,32,37,47,56
15/01/2022,15,17,20,35,37,43
12/01/2022,1,5,12,13,17,31
08/01/2022,2,7,9,25,41,49
05/01/2022,9,41,42,46,47,54
31/12/2021,12,15,23,32,33,46
18/12/2021,2,8,34,38,47,51
15/12/2021,4,11,19,25,37,55
11/12/2021,1,19,41,46,48,55
09/12/2021,5,15,28,32,38,54
07/12/2021,5,22,30,32,33,36
04/12/2021,1,2,14,28,40,51
01/12/2021,8,9,32,52,53,57
27/11/2021,7,29,38,40,44,52
24/11/2021,8,11,22,25,26,36
20/11/2021,19,26,39,45,46,56
17/11/2021,11,37,53,55,56,60
13/11/2021,3,9,25,28,29,39
10/11/2021,3,19,25,37,44,56
06/11/2021,5,11,24,27,32,57
03/11/2021,10,31,38,46,49,54
30/10/2021,3,16,17,37,38,53
27/10/2021,16,18,38,48,51,60
23/10/2021,2,7,10,20,30,46
21/10/2021,2,3,32,35,48,57
19/10/2021,5,8,29,39,44,60
16/10/2021,10,35,43,48,50,53
13/10/2021,2,11,19,27,57,60
09/10/2021,3,7,10,11,27,46
06/10/2021,6,7,11,26,37,57
02/10/2021,10,12,26,29,35,60
30/09/2021,4,5,6,14,29,38
28/09/2021,3,22,37,40,41,48
25/09/2021,9,16,34,36,49,60
22/09/2021,7,26,29,34,43,44
18/09/2021,7,10,27,35,43,59
15/09/2021,2,29,39,49,52,58
11/09/2021,4,29,30,38,43,57
08/09/2021,13,17,31,43,54,55
04/09/2021,8,12,29,43,54,60
01/09/2021,21,38,48,49,53,59
28/08/2021,1,19,35,40,47,54
25/08/2021,10,12,14,32,33,34
21/08/2021,6,22,25,29,30,60
18/08/2021,8,11,13,33,38,48
14/08/2021,9,21,25,26,36,53
12/08/2021,27,35,42,44,51,52
10/08/2021,8,17,30,36,54,59
07/08/2021,6,14,20,39,46,48
04/08/2021,2,3,25,39,42,49
31/07/2021,4,11,12,44,45,57
28/07/2021,5,16,25,36,42,44
24/07/2021,26,27,28,32,38,51
21/07/2021,11,15,23,25,34,53
17/07/2021,5,8,13,27,36,50
14/07/2021,9,13,20,22,32,56
10/07/2021,16,30,37,39,40,51
07/07/2021,8,30,33,37,45,48
03/07/2021,8,26,30,31,38,48
01/07/2021,11,13,16,35,49,50
29/06/2021,12,24,32,37,43,60
26/06/2021,9,13,22,25,26,31
23/06/2021,13,15,16,20,40,41
19/06/2021,6,9,19,38,53,55
16/06/2021,7,23,32,41,42,47
12/06/2021,11,16,20,24,39,53
09/06/2021,2,8,26,32,46,56
05/06/2021,11,37,38,41,49,54
02/06/2021,5,18,29,35,43,44
29/05/2021,12,14,17,18,19,22
26/05/2021,2,6,44,46,53,58
22/05/2021,12,13,25,37,39,41
19/05/2021,23,24,26,44,49,60
15/05/2021,3,19,25,44,46,57
12/05/2021,4,15,30,36,39,48
08/05/2021,7,31,37,42,44,56
06/05/2021,4,9,17,19,37,60
04/05/2021,4,7,13,25,36,58
30/04/2021,5,23,29,34,53,60
28/04/2021,4,27,33,35,38,41
24/04/2021,1,17,28,37,44,50
22/04/2021,20,33,42,44,51,56
17/04/2021,6,14,24,34,39,58
14/04/2021,3,20,22,32,35,50
10/04/2021,14,21,22,29,35,46
08/04/2021,10,15,21,24,29,45
06/04/2021,31,32,39,42,43,51
03/04/2021,5,9,11,16,43,57
31/03/2021,19,28,30,34,40,51
27/03/2021,3,10,25,36,51,58
24/03/2021,7,30,31,41,50,56
20/03/2021,6,18,25,30,42,54
17/03/2021,3,19,34,41,48,53
13/03/2021,9,17,38,41,49,55
10/03/2021,19,22,35,41,47,49
06/03/2021,25,28,29,34,41,45
03/03/2021,5,10,25,32,49,54
27/02/2021,2,3,7,48,51,54
24/02/2021,8,9,17,30,58,60
20/02/2021,3,4,11,40,42,58
17/02/2021,7,16,19,22,28,55
13/02/2021,11,17,25,38,52,57
10/02/2021,4,31,42,45,49,56
06/02/2021,17,20,24,27,40,60
03/02/2021,4,9,31,32,42,46
30/01/2021,16,21,28,41,49,51
28/01/2021,4,18,29,47,48,59
26/01/2021,8,21,23,34,42,47
23/01/2021,2,9,34,49,51,55
20/01/2021,8,10,20,27,28,50
16/01/2021,9,18,23,42,47,49
13/01/2021,4,13,20,22,25,60
09/01/2021,9,16,31,41,53,55
06/01/2021,12,33,35,36,44,52
02/01/2021,11,13,16,36,53,57
31/12/2020,17,20,22,35,41,42
19/12/2020,12,14,28,42,45,55
16/12/2020,8,11,14,39,48,53
12/12/2020,30,37,45,54,57,58
10/12/2020,10,16,27,34,36,57
08/12/2020,33,34,37,46,52,60
05/12/2020,2,16,19,31,43,60
02/12/2020,20,27,35,39,50,59
28/11/2020,2,5,10,29,34,41
25/11/2020,14,25,28,41,43,46
21/11/2020,6,30,35,39,42,48
18/11/2020,6,17,25,35,40,49
14/11/2020,28,44,52,54,58,60
11/11/2020,3,8,30,33,35,48
07/11/2020,2,11,43,49,52,56
04/11/2020,1,10,17,26,30,53
31/10/2020,6,7,28,42,45,49
28/10/2020,3,20,26,45,49,58
24/10/2020,3,27,39,46,47,60
22/10/2020,3,5,9,35,43,60
20/10/2020,13,17,28,29,42,53
17/10/2020,9,11,29,30,33,60
14/10/2020,9,13,26,38,58,60
10/10/2020,16,33,38,46,53,55
07/10/2020,3,19,28,33,57,58
03/10/2020,7,16,22,38,55,57
30/09/2020,12,21,29,54,56,57
26/09/2020,3,7,17,20,48,50
23/09/2020,18,22,25,27,43,44
19/09/2020,17,18,35,36,47,52
17/09/2020,9,21,37,39,43,54
15/09/2020,2,3,19,40,44,60
12/09/2020,13,17,21,31,41,49
09/09/2020,20,22,35,40,41,59
05/09/2020,1,6,21,29,36,59
02/09/2020,6,13,26,28,35,41
29/08/2020,9,15,20,33,41,43
26/08/2020,1,2,10,37,42,48
22/08/2020,6,16,18,33,42,57
19/08/2020,12,26,31,36,37,49
15/08/2020,5,18,36,44,57,60
13/08/2020,6,9,34,37,38,45
11/08/2020,2,26,35,39,40,56
08/08/2020,2,4,6,29,41,56
05/08/2020,9,21,30,41,42,43
01/08/2020,1,7,10,12,33,42
29/07/2020,4,10,12,14,36,46
25/07/2020,4,24,37,43,59,60
22/07/2020,12,27,30,36,45,52
18/07/2020,14,27,35,40,50,55
16/07/2020,28,29,31,50,58,59
14/07/2020,5,12,14,20,27,28
11/07/2020,8,17,34,37,43,45
08/07/2020,10,22,23,37,53,60
04/07/2020,5,15,18,27,49,57
01/07/2020,2,4,25,36,50,53
27/06/2020,8,11,17,33,40,55
24/06/2020,15,16,20,38,40,58
20/06/2020,2,5,11,24,41,49
17/06/2020,6,10,27,28,41,52
13/06/2020,14,16,38,39,41,48
10/06/2020,1,11,14,23,29,55
06/06/2020,4,13,23,28,30,52
03/06/2020,20,32,33,48,49,53
30/05/2020,10,23,31,37,58,59
27/05/2020,14,20,23,39,46,50
23/05/2020,2,3,8,19,29,37
20/05/2020,9,24,33,43,49,57
16/05/2020,7,8,14,23,30,46
13/05/2020,7,23,26,27,29,51
09/05/2020,12,14,34,35,37,47
07/05/2020,20,27,41,54,56,58
05/05/2020,1,5,7,14,23,26
02/05/2020,18,21,30,31,34,51
29/04/2020,9,10,30,37,47,54
25/04/2020,15,20,39,41,49,57
22/04/2020,4,9,24,44,47,56
18/04/2020,31,32,33,39,52,55
15/04/2020,1,17,30,37,46,50
11/04/2020,5,15,22,26,54,58
08/04/2020,27,33,39,52,57,58
04/04/2020,4,9,31,47,49,53
01/04/2020,9,15,20,29,30,42
28/03/2020,1,42,44,47,48,53
25/03/2020,5,9,24,27,33,46
21/03/2020,11,14,15,18,33,34
18/03/2020,3,5,11,34,37,42
14/03/2020,14,18,28,35,38,54
12/03/2020,5,9,18,24,25,42
10/03/2020,1,13,18,26,40,56
07/03/2020,7,9,10,19,25,58
04/03/2020,7,27,31,39,45,46
29/02/2020,11,36,45,55,57,58
27/02/2020,11,20,27,28,53,60
22/02/2020,7,20,38,43,45,53
19/02/2020,14,18,30,35,55,57
15/02/2020,4,21,27,29,42,47
12/02/2020,4,6,32,35,41,45
08/02/2020,7,8,31,34,38,47
05/02/2020,4,13,25,40,53,57
01/02/2020,7,17,26,39,56,60
29/01/2020,6,11,29,40,41,58
25/01/2020,9,19,23,32,39,45
23/01/2020,6,9,12,27,32,57
21/01/2020,2,4,7,16,30,38
18/01/2020,1,32,37,44,46,47
15/01/2020,16,23,32,50,52,58
11/01/2020,2,26,40,42,49,56
08/01/2020,13,14,29,30,48,59
04/01/2020,5,23,34,45,56,57
31/12/2019,3,35,38,40,57,58
21/12/2019,8,28,36,45,57,59
19/12/2019,6,16,22,38,48,52
17/12/2019,10,14,16,30,32,36
14/12/2019,10,24,42,43,48,49
11/12/2019,1,19,21,23,33,43
07/12/2019,4,10,18,30,34,47
04/12/2019,5,7,10,32,46,60
30/11/2019,23,26,51,52,53,58
27/11/2019,27,36,40,41,44,54
23/11/2019,11,17,24,25,33,34
20/11/2019,22,25,28,32,33,47
16/11/2019,16,25,30,40,45,49
13/11/2019,6,10,11,43,53,55
09/11/2019,6,27,38,42,45,57
06/11/2019,12,21,28,37,42,57
04/11/2019,1,28,29,32,35,56
30/10/2019,17,34,46,49,50,57
26/10/2019,11,29,37,38,43,60
24/10/2019,3,13,23,41,49,53
22/10/2019,11,15,28,36,43,55
19/10/2019,15,23,30,35,38,44
16/10/2019,1,11,34,36,44,56
14/10/2019,3,11,29,35,44,57
09/10/2019,1,25,27,28,41,56
05/10/2019,14,24,32,38,46,53
02/10/2019,8,16,20,21,31,34
28/09/2019,7,8,22,27,29,42
26/09/2019,7,16,37,53,57,59
24/09/2019,4,8,26,33,46,53
21/09/2019,5,9,20,25,35,53
18/09/2019,4,11,16,22,29,33
14/09/2019,2,17,21,28,51,60
11/09/2019,10,11,16,21,46,50
09/09/2019,12,18,19,27,41,46
04/09/2019,9,18,19,22,42,47
31/08/2019,15,36,45,51,52,59
28/08/2019,13,26,30,34,43,51
24/08/2019,19,22,39,46,47,59
21/08/2019,1,8,19,33,36,48
17/08/2019,10,12,16,21,28,38
14/08/2019,2,13,24,35,50,54
10/08/2019,2,16,21,42,50,56
08/08/2019,9,11,14,31,48,51
06/08/2019,8,23,25,39,43,44
03/08/2019,7,25,32,43,53,55
31/07/2019,10,15,34,36,56,60
27/07/2019,2,9,42,44,48,50
24/07/2019,9,24,28,37,43,57
20/07/2019,12,13,19,36,44,55
17/07/2019,10,21,24,36,38,51
13/07/2019,7,34,45,51,54,59
11/07/2019,1,4,25,27,29,37
09/07/2019,27,37,38,43,45,54
06/07/2019,3,19,34,44,56,58
03/07/2019,5,37,43,49,54,56
29/06/2019,16,17,25,47,48,58
26/06/2019,8,18,20,24,36,45
22/06/2019,11,16,22,30,34,42
19/06/2019,8,9,10,24,42,44
15/06/2019,1,19,46,47,49,53
12/06/2019,14,26,35,38,45,53
08/06/2019,9,27,35,45,46,59
05/06/2019,31,33,34,35,39,48
01/06/2019,1,6,23,26,39,49
29/05/2019,2,6,27,37,44,47
25/05/2019,7,25,41,47,50,53
22/05/2019,8,13,28,31,32,33
18/05/2019,26,29,36,49,50,59
15/05/2019,2,14,18,29,36,38
11/05/2019,23,24,26,38,42,49
08/05/2019,21,23,37,44,46,48
04/05/2019,8,15,32,33,58,59
02/05/2019,17,19,37,41,42,49
27/04/2019,16,18,31,39,42,44
24/04/2019,6,8,28,51,53,59
20/04/2019,7,16,21,33,55,60
17/04/2019,2,12,35,51,57,58
13/04/2019,7,40,44,50,52,57
10/04/2019,10,11,17,19,37,41
06/04/2019,17,20,26,36,42,54
03/04/2019,14,23,29,41,57,58
30/03/2019,4,13,14,21,30,34
27/03/2019,1,2,11,12,34,49
23/03/2019,1,8,11,22,30,35
20/03/2019,9,23,28,40,48,59
16/03/2019,6,21,34,46,54,59
13/03/2019,19,20,26,51,52,57
09/03/2019,5,18,30,35,39,60
06/03/2019,2,3,6,18,20,28
02/03/2019,13,16,36,53,54,55
28/02/2019,6,12,31,32,46,60
26/02/2019,11,16,24,46,54,55
23/02/2019,1,7,28,30,44,46
20/02/2019,7,12,24,27,39,58
16/02/2019,1,31,44,46,53,58
13/02/2019,2,11,20,31,43,47
09/02/2019,14,15,47,50,56,59
06/02/2019,3,11,15,21,27,49
02/02/2019,8,10,17,29,37,40
30/01/2019,13,20,24,25,38,41
26/01/2019,19,21,26,31,42,49
23/01/2019,11,12,20,40,41,46
19/01/2019,4,28,29,30,43,52
17/01/2019,1,9,19,21,34,54
15/01/2019,4,19,27,35,40,44
12/01/2019,17,25,30,35,42,57
09/01/2019,11,14,21,25,46,50
05/01/2019,17,39,43,46,52,53
02/01/2019,1,41,44,46,54,58
31/12/2018,5,10,12,18,25,33
20/12/2018,4,12,16,34,44,49
18/12/2018,19,22,29,41,44,59
15/12/2018,8,38,44,50,56,60
12/12/2018,3,27,36,39,40,43
08/12/2018,11,13,16,24,31,46
06/12/2018,2,10,12,27,45,56
04/12/2018,3,13,40,44,46,50
01/12/2018,4,6,17,34,51,57
28/11/2018,2,8,18,37,56,58
24/11/2018,1,10,11,13,35,49
21/11/2018,5,15,20,27,30,58
17/11/2018,2,8,18,27,38,60
14/11/2018,9,24,28,45,49,51
10/11/2018,6,11,13,19,24,51
07/11/2018,16,29,35,43,49,56
03/11/2018,4,16,19,31,33,44
31/10/2018,8,14,27,34,52,54
27/10/2018,11,13,15,17,22,27
25/10/2018,10,11,12,37,38,59
23/10/2018,8,11,18,37,40,51
20/10/2018,5,10,32,38,48,49
17/10/2018,3,14,24,27,38,56
13/10/2018,2,18,19,23,34,53
10/10/2018,4,35,43,46,47,53
06/10/2018,12,21,25,37,38,49
03/10/2018,7,20,26,37,38,39
29/09/2018,1,18,19,33,56,60
26/09/2018,6,25,33,42,48,49
22/09/2018,13,18,35,40,41,42
20/09/2018,10,22,40,46,55,58
18/09/2018,1,2,14,37,55,58
15/09/2018,2,11,15,30,36,39
12/09/2018,13,16,26,35,37,39
08/09/2018,5,6,12,15,22,43
05/09/2018,7,9,23,33,57,59
01/09/2018,8,18,23,37,42,58
29/08/2018,12,15,18,30,52,55
25/08/2018,10,12,13,20,22,54
22/08/2018,24,33,34,35,46,60
18/08/2018,5,26,27,34,42,48
16/08/2018,3,17,34,35,40,48
14/08/2018,3,5,9,40,42,47
11/08/2018,2,11,13,26,32,59
08/08/2018,6,25,27,35,45,55
04/08/2018,4,11,20,30,37,43
01/08/2018,10,14,36,53,55,60
28/07/2018,6,10,19,24,25,29
25/07/2018,8,10,15,23,25,34
21/07/2018,33,36,40,44,45,54
18/07/2018,8,9,11,25,39,41
14/07/2018,4,5,36,40,44,56
11/07/2018,4,19,23,29,56,59
07/07/2018,10,13,20,37,38,54
05/07/2018,18,22,29,34,36,47
03/07/2018,6,25,35,43,46,53
30/06/2018,4,7,12,22,26,39
27/06/2018,12,22,27,37,40,55
23/06/2018,50,51,56,57,58,59
20/06/2018,1,5,6,37,44,53
16/06/2018,8,31,32,33,38,50
13/06/2018,10,19,27,31,51,53
09/06/2018,10,19,26,35,38,39
06/06/2018,1,18,19,29,44,54
02/06/2018,3,6,11,27,28,46
30/05/2018,15,25,27,45,46,50
26/05/2018,7,14,47,54,56,60
23/05/2018,21,38,53,56,57,58
19/05/2018,14,22,29,32,33,35
16/05/2018,10,12,22,25,42,54
12/05/2018,6,9,41,54,56,58
10/05/2018,6,12,22,28,31,44
08/05/2018,6,25,26,35,38,40
05/05/2018,14,16,23,30,45,60
02/05/2018,7,8,19,23,27,58
28/04/2018,30,35,36,38,49,52
25/04/2018,6,7,13,17,22,56
20/04/2018,10,18,33,38,40,43
17/04/2018,6,14,19,20,39,53
14/04/2018,18,23,37,39,50,55
11/04/2018,4,27,38,40,58,59
07/04/2018,6,15,18,33,37,40
04/04/2018,7,11,24,36,42,58
31/03/2018,11,15,29,37,39,44
28/03/2018,10,23,31,33,51,52
24/03/2018,4,24,46,52,55,56
21/03/2018,16,20,23,29,35,47
17/03/2018,1,6,7,8,23,56
14/03/2018,4,28,45,48,52,60
10/03/2018,7,14,32,37,40,60
07/03/2018,2,36,46,48,57,60
03/03/2018,23,41,46,52,54,59
28/02/2018,11,22,25,27,55,59
24/02/2018,2,10,11,24,38,56
21/02/2018,4,11,17,18,21,48
17/02/2018,17,18,27,32,39,58
14/02/2018,16,32,40,46,53,56
10/02/2018,6,23,30,36,53,56
08/02/2018,8,11,27,35,36,51
06/02/2018,2,28,32,35,54,58
03/02/2018,8,10,18,34,39,56
31/01/2018,1,37,44,46,48,50
27/01/2018,22,27,33,42,58,59
24/01/2018,4,14,39,41,54,58
20/01/2018,1,9,14,20,25,54
17/01/2018,11,19,22,33,34,53
13/01/2018,1,5,14,23,35,45
10/01/2018,28,34,40,43,50,51
06/01/2018,4,28,30,38,46,59
03/01/2018,20,22,36,42,52,60
31/12/2017,3,6,10,17,34,37
21/12/2017,15,37,38,42,49,50
19/12/2017,8,21,24,25,52,57
16/12/2017,1,7,14,31,35,46
13/12/2017,7,20,21,24,40,56
09/12/2017,14,26,29,35,37,39
06/12/2017,2,5,12,32,40,44
02/12/2017,6,17,33,48,50,57
29/11/2017,5,11,13,21,53,54
25/11/2017,19,20,28,34,36,44
22/11/2017,11,24,26,34,37,59
18/11/2017,15,22,30,32,40,58
16/11/2017,5,10,39,42,46,54
11/11/2017,10,14,31,34,45,58
09/11/2017,23,36,43,44,55,56
07/11/2017,9,28,29,34,36,55
04/11/2017,21,29,32,35,43,50
01/11/2017,5,6,10,14,22,36
28/10/2017,4,14,20,24,46,50
25/10/2017,6,15,19,37,39,53
21/10/2017,12,16,17,18,34,37
19/10/2017,22,23,29,32,38,45
17/10/2017,2,6,22,44,55,57
14/10/2017,3,16,28,32,34,37
11/10/2017,12,14,19,25,52,59
07/10/2017,8,11,24,26,47,57
04/10/2017,4,19,27,38,54,57
30/09/2017,1,12,16,17,52,60
27/09/2017,9,16,20,54,57,59
23/09/2017,4,10,41,44,52,54
21/09/2017,5,10,18,24,39,52
19/09/2017,8,20,30,32,48,59
16/09/2017,35,36,39,44,48,52
13/09/2017,13,30,32,39,46,54
09/09/2017,10,13,19,32,40,60
06/09/2017,26,28,35,38,48,55
02/09/2017,2,27,32,36,48,50
30/08/2017,4,5,7,34,42,60
26/08/2017,5,6,15,25,39,53
23/08/2017,17,25,26,30,32,50
19/08/2017,1,18,25,37,39,43
16/08/2017,8,21,27,35,43,56
12/08/2017,15,20,22,24,34,55
10/08/2017,2,14,22,23,29,47
08/08/2017,5,8,20,28,40,45
05/08/2017,15,27,33,36,41,45
02/08/2017,9,25,33,35,40,49
29/07/2017,9,26,29,42,43,45
26/07/2017,9,21,36,38,52,53
22/07/2017,14,16,19,21,33,55
19/07/2017,10,21,32,34,48,57
15/07/2017,1,6,14,22,30,56
12/07/2017,12,20,24,28,33,57
08/07/2017,8,33,40,52,55,59
06/07/2017,4,6,39,44,52,60
04/07/2017,4,8,10,21,45,54
01/07/2017,8,9,39,47,57,59
28/06/2017,9,11,12,30,39,43
24/06/2017,6,18,20,24,43,48
21/06/2017,1,9,24,38,48,49
17/06/2017,9,13,16,17,36,47
14/06/2017,7,24,29,39,45,52
10/06/2017,10,16,32,40,42,54
07/06/2017,6,10,24,29,43,55
03/06/2017,3,12,24,40,51,52
31/05/2017,1,3,10,17,23,24
27/05/2017,8,23,35,39,56,59
24/05/2017,2,14,15,19,35,59
20/05/2017,10,16,21,29,44,55
17/05/2017,2,8,9,15,22,34
13/05/2017,4,17,18,37,52,56
11/05/2017,3,10,23,36,43,52
09/05/2017,10,26,28,51,53,59
06/05/2017,5,11,13,19,30,31
03/05/2017,2,3,14,20,30,46
29/04/2017,1,17,38,43,45,47
26/04/2017,12,16,30,52,53,58
22/04/2017,9,34,42,45,46,59
19/04/2017,20,22,36,38,41,43
15/04/2017,10,15,16,19,28,35
12/04/2017,25,31,33,39,43,45
08/04/2017,11,28,37,45,54,60
05/04/2017,16,17,20,22,38,50
01/04/2017,4,21,25,33,36,46
29/03/2017,3,9,18,23,50,52
25/03/2017,2,20,21,33,48,57
22/03/2017,16,29,33,39,42,44
18/03/2017,4,14,17,43,52,56
15/03/2017,10,13,33,35,36,42
11/03/2017,16,18,23,30,32,33
08/03/2017,6,9,15,22,39,48
04/03/2017,11,40,43,45,47,57
01/03/2017,4,10,13,23,27,57
25/02/2017,3,25,35,38,44,48
23/02/2017,6,27,33,39,40,60
21/02/2017,29,35,43,54,56,57
18/02/2017,12,15,18,21,51,56
15/02/2017,9,10,15,28,43,45
11/02/2017,2,7,9,18,21,25
08/02/2017,11,12,26,30,37,53
04/02/2017,8,11,27,28,43,46
01/02/2017,20,23,35,36,44,48
28/01/2017,12,34,45,53,55,58
25/01/2017,9,22,25,47,52,58
21/01/2017,3,6,14,15,21,25
18/01/2017,2,3,5,10,15,34
14/01/2017,21,31,35,53,54,57
11/01/2017,16,17,19,28,45,58
07/01/2017,6,17,22,30,37,50
04/01/2017,1,3,19,23,47,58
31/12/2016,5,11,22,24,51,53
24/12/2016,16,23,25,28,30,44
22/12/2016,1,10,17,18,45,48
20/12/2016,11,23,34,41,46,56
17/12/2016,3,7,15,40,45,54
14/12/2016,7,14,18,23,32,59
10/12/2016,1,4,23,32,38,59
07/12/2016,16,27,28,47,59,60
03/12/2016,9,10,19,35,37,41
30/11/2016,3,10,30,44,53,56
26/11/2016,5,16,19,37,51,56
23/11/2016,5,10,20,57,58,59
19/11/2016,12,16,26,40,56,57
16/11/2016,13,16,23,24,32,35
12/11/2016,7,18,39,41,44,51
10/11/2016,1,45,47,52,53,55
08/11/2016,10,28,37,43,44,47
05/11/2016,5,25,28,41,53,54
03/11/2016,11,13,25,39,46,56
29/10/2016,3,11,17,33,52,58
26/10/2016,18,20,30,32,33,40
22/10/2016,11,23,24,26,40,52
20/10/2016,1,5,23,25,28,31
18/10/2016,3,10,17,21,22,43
15/10/2016,14,17,36,38,44,60
13/10/2016,1,5,31,32,37,42
08/10/2016,4,5,14,37,40,60
05/10/2016,16,23,45,56,58,59
01/10/2016,2,8,35,42,49,56
28/09/2016,2,4,9,35,45,60
24/09/2016,10,30,36,40,44,60
22/09/2016,1,13,14,21,26,51
20/09/2016,22,28,30,33,55,59
17/09/2016,13,23,25,35,52,53
14/09/2016,2,9,14,22,32,37
10/09/2016,6,10,15,24,38,39
08/09/2016,25,30,31,34,43,59
03/09/2016,1,2,34,39,41,45
31/08/2016,13,17,29,45,49,50
27/08/2016,8,18,21,22,35,37
24/08/2016,23,24,32,38,40,41
20/08/2016,3,5,11,27,35,44
17/08/2016,9,40,41,50,55,58
13/08/2016,1,6,45,49,50,57
11/08/2016,6,24,26,30,34,49
09/08/2016,3,9,13,29,30,51
06/08/2016,3,4,37,39,48,50
03/08/2016,8,26,28,33,41,54
30/07/2016,16,18,22,24,34,43
27/07/2016,3,6,13,38,49,51
23/07/2016,15,17,33,41,47,48
20/07/2016,7,22,28,32,56,58
16/07/2016,5,8,24,30,57,59
14/07/2016,41,44,48,50,54,57
12/07/2016,8,15,18,45,59,60
09/07/2016,8,28,36,47,50,58
06/07/2016,2,17,22,24,48,51
02/07/2016,2,3,7,16,27,42
29/06/2016,14,34,46,47,56,57
25/06/2016,15,27,28,32,48,55
22/06/2016,3,7,29,37,54,60
18/06/2016,7,13,24,30,32,53
15/06/2016,6,11,32,40,48,59
11/06/2016,26,33,42,43,53,54
09/06/2016,17,19,32,43,48,51
07/06/2016,10,11,21,50,51,54
04/06/2016,5,6,12,19,30,60
01/06/2016,4,9,21,34,54,59
28/05/2016,1,22,26,43,50,53
25/05/2016,19,22,31,36,52,53
21/05/2016,3,19,23,27,40,45
18/05/2016,17,18,26,30,33,37
14/05/2016,2,6,10,15,53,56
11/05/2016,1,4,26,39,47,55
07/05/2016,5,10,12,22,28,46
05/05/2016,8,11,25,39,41,60
03/05/2016,9,11,27,46,51,53
30/04/2016,9,11,13,15,19,51
27/04/2016,20,23,32,34,37,45
23/04/2016,5,17,32,35,37,57
20/04/2016,1,10,25,43,50,56
16/04/2016,9,12,23,24,46,54
13/04/2016,2,14,20,25,41,45
09/04/2016,1,15,16,22,25,43
06/04/2016,11,20,35,42,55,58
02/04/2016,17,22,27,31,49,57
30/03/2016,20,21,28,48,50,59
26/03/2016,4,8,29,38,49,50
23/03/2016,2,6,13,14,17,44
19/03/2016,6,19,34,43,45,54
16/03/2016,6,11,16,19,31,56
12/03/2016,1,3,4,39,51,53
10/03/2016,2,9,23,28,45,53
08/03/2016,2,13,14,35,54,57
05/03/2016,22,23,34,48,53,54
02/03/2016,30,42,47,50,55,58
27/02/2016,1,5,34,37,40,60
24/02/2016,13,14,22,54,56,58
20/02/2016,2,16,17,18,41,47
17/02/2016,12,18,46,50,53,55
13/02/2016,11,13,26,27,28,50
10/02/2016,6,25,43,57,58,59
06/02/2016,3,13,42,45,56,59
04/02/2016,1,5,13,25,26,29
02/02/2016,2,6,8,21,25,34
30/01/2016,5,11,27,41,42,54
27/01/2016,4,15,26,30,54,55
23/01/2016,4,6,16,18,21,38
20/01/2016,6,18,34,47,52,57
16/01/2016,1,8,22,49,52,53
14/01/2016,6,20,22,31,33,34
12/01/2016,12,25,30,39,56,57
09/01/2016,4,10,38,40,45,48
06/01/2016,4,19,38,44,52,55
02/01/2016,10,11,14,19,39,48
31/12/2015,2,18,31,42,51,56
26/12/2015,1,12,20,30,52,60
24/12/2015,15,30,39,41,45,59
22/12/2015,12,19,27,39,41,45
19/12/2015,2,20,27,28,32,38
16/12/2015,11,26,27,30,34,41
12/12/2015,32,37,44,47,54,60
09/12/2015,5,7,11,34,35,50
05/12/2015,16,26,35,39,44,45
02/12/2015,22,23,41,46,53,60
28/11/2015,1,6,28,37,56,58
25/11/2015,6,7,29,39,41,55
21/11/2015,9,12,15,21,31,36
18/11/2015,26,32,42,45,55,59
14/11/2015,9,10,36,50,53,55
13/11/2015,10,24,25,36,47,48
10/11/2015,2,14,21,22,51,60
07/11/2015,6,11,16,23,36,42
04/11/2015,13,25,28,37,43,56
31/10/2015,6,13,14,28,35,45
28/10/2015,2,5,8,18,30,48
24/10/2015,20,27,30,31,40,53
21/10/2015,8,15,29,35,45,54
17/10/2015,9,36,37,53,55,60
15/10/2015,15,22,23,42,51,57
13/10/2015,15,17,20,31,41,48
10/10/2015,3,13,14,29,33,43
07/10/2015,2,10,13,41,49,53
03/10/2015,6,33,34,48,53,59
30/09/2015,6,18,37,40,41,58
26/09/2015,9,13,18,47,52,60
23/09/2015,9,12,14,29,42,56
19/09/2015,4,10,29,31,34,35
16/09/2015,11,19,21,23,27,52
12/09/2015,15,18,20,32,48,49
09/09/2015,10,15,25,38,47,53
05/09/2015,9,10,17,32,34,46
02/09/2015,12,28,37,46,48,53
29/08/2015,5,8,42,50,51,59
26/08/2015,12,13,24,29,32,41
22/08/2015,6,16,33,34,45,46
19/08/2015,12,17,25,29,41,52
15/08/2015,3,5,9,14,41,46
12/08/2015,25,34,38,45,53,60
08/08/2015,5,18,27,43,49,59
06/08/2015,1,10,17,24,42,51
04/08/2015,7,14,23,43,44,53
01/08/2015,3,8,28,39,42,59
29/07/2015,4,6,19,20,40,41
25/07/2015,3,10,42,49,54,57
22/07/2015,16,18,26,30,31,34
18/07/2015,27,33,37,39,58,60
15/07/2015,14,27,30,46,52,60
11/07/2015,9,23,39,41,49,58
09/07/2015,4,12,19,33,36,38
07/07/2015,18,23,31,39,49,57
04/07/2015,1,22,31,34,44,54
01/07/2015,4,30,31,32,47,53
27/06/2015,2,9,16,37,44,58
24/06/2015,2,25,36,41,42,53
20/06/2015,16,20,35,40,53,60
17/06/2015,2,8,24,36,51,52
13/06/2015,3,10,16,23,27,29
10/06/2015,2,12,19,29,50,59
06/06/2015,22,26,38,39,45,50
03/06/2015,7,21,28,56,58,59
30/05/2015,7,19,30,35,42,47
27/05/2015,17,29,32,38,45,50
23/05/2015,7,16,20,27,36,52
20/05/2015,12,31,34,36,48,56
16/05/2015,25,27,29,37,50,51
13/05/2015,1,7,11,32,51,59
09/05/2015,3,23,26,35,39,49
07/05/2015,17,19,33,35,39,52
05/05/2015,3,9,18,32,40,56
02/05/2015,15,18,41,48,50,58
29/04/2015,1,6,10,30,33,38
25/04/2015,11,13,24,28,44,45
22/04/2015,8,23,30,51,53,58
18/04/2015,1,12,17,31,37,46
15/04/2015,24,36,38,43,44,58
11/04/2015,20,29,34,37,45,57
08/04/2015,5,15,18,19,21,38
04/04/2015,11,13,14,27,44,56
01/04/2015,1,10,24,39,45,58
28/03/2015,21,24,26,35,45,53
25/03/2015,2,5,13,27,41,53
21/03/2015,18,23,30,32,42,56
18/03/2015,15,24,37,46,49,58
14/03/2015,9,14,37,44,46,55
11/03/2015,3,18,31,39,46,51
07/03/2015,9,12,18,31,39,50
04/03/2015,4,12,32,33,34,48
28/02/2015,7,13,35,37,39,51
25/02/2015,1,6,8,11,33,50
21/02/2015,23,37,38,46,47,51
18/02/2015,1,2,27,28,46,47
14/02/2015,9,11,17,19,35,52
11/02/2015,10,15,28,33,51,52
07/02/2015,1,2,11,37,48,51
04/02/2015,3,18,34,35,36,56
31/01/2015,22,30,42,50,58,59
28/01/2015,5,10,23,24,35,47
24/01/2015,1,3,5,10,20,42
21/01/2015,21,27,31,45,55,56
17/01/2015,1,17,19,30,33,47
14/01/2015,28,29,31,45,48,49
10/01/2015,5,40,47,52,55,57
07/01/2015,7,12,24,44,51,56
03/01/2015,1,2,23,27,45,51
31/12/2014,1,5,11,16,20,56
24/12/2014,8,21,23,29,36,48
20/12/2014,18,20,27,40,49,55
17/12/2014,10,14,25,29,33,57
13/12/2014,13,16,27,43,48,58
10/12/2014,8,17,34,38,42,51
06/12/2014,4,10,20,33,37,49
03/12/2014,7,11,19,23,40,49
29/11/2014,7,10,14,37,45,54
26/11/2014,4,6,11,43,54,56
22/11/2014,7,24,28,46,53,56
19/11/2014,7,16,33,42,50,58
14/11/2014,1,21,22,27,32,45
12/11/2014,7,24,26,28,44,57
08/11/2014,8,27,35,38,41,44
05/11/2014,17,23,29,38,57,60
01/11/2014,24,33,38,42,44,54
29/10/2014,15,16,18,20,22,48
25/10/2014,12,17,23,38,53,54
22/10/2014,19,23,34,40,41,58
18/10/2014,8,18,21,31,37,38
15/10/2014,10,13,16,22,34,60
11/10/2014,16,19,20,28,37,60
08/10/2014,3,23,42,43,47,60
04/10/2014,23,29,30,33,46,51
01/10/2014,2,6,18,23,31,46
27/09/2014,16,29,34,35,49,51
24/09/2014,1,2,38,41,42,58
20/09/2014,1,5,24,47,55,56
17/09/2014,19,26,33,35,51,52
13/09/2014,8,23,28,30,32,51
10/09/2014,9,10,23,33,44,51
06/09/2014,1,2,11,13,36,49
03/09/2014,6,18,24,27,56,59
30/08/2014,4,29,44,47,48,60
27/08/2014,1,7,30,43,44,54
23/08/2014,4,20,24,35,47,59
20/08/2014,26,29,34,38,50,60
16/08/2014,20,26,32,41,45,57
13/08/2014,3,5,14,35,43,52
09/08/2014,11,22,36,40,45,52
07/08/2014,2,27,32,41,47,58
05/08/2014,33,43,49,50,56,59
02/08/2014,4,5,7,21,45,53
30/07/2014,10,22,24,38,39,49
26/07/2014,13,23,27,34,38,57
23/07/2014,5,8,17,42,46,47
19/07/2014,9,20,24,43,51,52
16/07/2014,3,23,26,31,47,54
12/07/2014,28,31,40,42,46,58
09/07/2014,5,20,26,31,33,44
05/07/2014,14,17,21,27,43,49
02/07/2014,4,18,31,44,46,49
28/06/2014,6,13,17,36,42,51
25/06/2014,24,28,47,50,51,58
21/06/2014,1,4,9,35,36,53
18/06/2014,2,6,13,26,53,60
14/06/2014,5,6,17,43,54,59
11/06/2014,7,31,32,41,51,52
07/06/2014,1,15,37,42,46,54
04/06/2014,9,19,21,30,31,42
31/05/2014,2,21,24,27,40,51
28/05/2014,13,20,27,31,53,60
24/05/2014,8,12,22,35,40,44
21/05/2014,8,10,24,45,56,60
17/05/2014,9,23,32,35,46,57
14/05/2014,3,10,15,35,36,58
10/05/2014,29,31,36,42,47,53
07/05/2014,5,10,16,44,50,52
03/05/2014,1,5,7,10,12,45
30/04/2014,2,5,8,42,46,59
26/04/2014,6,7,8,23,43,53
23/04/2014,4,9,17,18,21,38
19/04/2014,31,36,38,41,42,49
16/04/2014,4,10,23,33,38,55
12/04/2014,7,20,34,40,44,55
09/04/2014,4,5,11,19,41,51
05/04/2014,23,29,32,36,45,49
02/04/2014,8,19,21,30,52,56
29/03/2014,8,39,43,46,47,58
26/03/2014,2,43,47,48,49,55
22/03/2014,3,22,27,28,50,54
19/03/2014,2,9,17,18,45,47
15/03/2014,1,4,13,17,38,48
12/03/2014,14,15,25,30,31,34
08/03/2014,1,6,14,17,33,36
05/03/2014,25,34,40,49,51,60
01/03/2014,3,6,30,37,53,56
26/02/2014,11,14,25,32,51,59
22/02/2014,13,15,21,26,30,46
19/02/2014,1,4,5,14,45,56
15/02/2014,6,27,28,33,46,48
12/02/2014,7,16,21,35,36,38
08/02/2014,20,27,42,45,46,47
05/02/2014,3,29,32,46,55,60
01/02/2014,15,18,24,42,46,56
29/01/2014,5,15,18,31,42,53
25/01/2014,19,24,25,28,42,58
22/01/2014,2,15,30,38,48,53
18/01/2014,5,6,11,32,36,60
15/01/2014,18,37,39,41,43,51
11/01/2014,25,38,44,46,53,54
09/01/2014,1,6,13,20,36,43
04/01/2014,10,12,23,37,47,51
02/01/2014,23,26,28,54,55,60
31/12/2013,20,30,36,38,47,53
21/12/2013,8,12,16,29,37,58
19/12/2013,7,15,17,31,42,54
17/12/2013,4,16,18,31,45,46
14/12/2013,1,4,7,10,11,52
11/12/2013,2,5,23,33,52,59
07/12/2013,30,32,49,50,52,53
04/12/2013,20,21,22,29,46,60
30/11/2013,7,18,24,26,39,46
27/11/2013,2,15,19,21,23,38
23/11/2013,9,13,21,27,36,56
20/11/2013,10,12,16,20,32,53
16/11/2013,19,41,42,44,47,54
13/11/2013,2,9,10,18,21,28
09/11/2013,4,17,38,44,53,60
06/11/2013,4,6,11,24,45,48
01/11/2013,2,21,30,35,45,50
30/10/2013,7,15,20,23,30,41
26/10/2013,7,11,12,30,39,57
23/10/2013,5,24,37,44,49,58
19/10/2013,3,17,27,32,47,54
16/10/2013,8,10,20,26,49,58
11/10/2013,23,27,35,52,53,57
09/10/2013,6,10,33,50,51,56
05/10/2013,13,18,29,32,50,58
02/10/2013,8,9,25,41,54,55
28/09/2013,1,12,28,29,34,48
25/09/2013,13,21,29,34,47,57
21/09/2013,2,11,23,31,42,44
18/09/2013,12,13,24,41,42,44
14/09/2013,10,16,28,33,48,53
11/09/2013,11,15,17,34,35,49
06/09/2013,4,13,15,19,36,58
04/09/2013,16,32,36,42,44,48
31/08/2013,10,16,28,47,51,59
28/08/2013,2,26,30,35,46,54
24/08/2013,2,12,40,46,52,53
21/08/2013,22,25,31,39,41,44
17/08/2013,5,8,23,32,33,56
14/08/2013,11,14,18,30,33,39
10/08/2013,7,31,35,36,46,48
08/08/2013,5,6,15,23,56,59
06/08/2013,8,9,28,41,48,55
03/08/2013,7,17,38,45,52,56
31/07/2013,4,18,20,34,45,60
27/07/2013,4,13,14,18,49,59
24/07/2013,16,17,23,42,59,60
20/07/2013,17,28,31,56,57,58
17/07/2013,11,28,35,42,46,58
13/07/2013,4,8,17,29,31,45
10/07/2013,1,8,17,44,46,53
06/07/2013,1,6,27,46,51,59
03/07/2013,17,18,30,35,39,58
29/06/2013,24,46,50,51,52,56
26/06/2013,3,14,18,34,42,49
22/06/2013,1,2,6,9,16,32
19/06/2013,2,10,12,30,41,42
15/06/2013,3,4,16,22,36,42
12/06/2013,6,22,43,51,52,57
08/06/2013,1,7,13,29,37,54
05/06/2013,10,18,31,43,57,59
01/06/2013,8,22,26,33,37,54
29/05/2013,6,11,27,40,46,49
25/05/2013,4,5,7,27,45,58
22/05/2013,14,18,28,41,47,54
18/05/2013,4,13,14,44,49,57
15/05/2013,2,14,24,28,35,50
11/05/2013,7,12,24,27,30,49
08/05/2013,4,9,18,44,46,48
04/05/2013,6,26,45,50,56,60
02/05/2013,1,3,31,32,43,52
27/04/2013,1,15,24,26,28,48
24/04/2013,4,22,25,38,45,51
20/04/2013,4,9,17,23,28,53
17/04/2013,1,6,10,34,40,54
13/04/2013,4,27,30,36,54,59
10/04/2013,17,20,24,29,49,53
06/04/2013,1,35,39,53,55,56
03/04/2013,6,9,11,34,41,53
30/03/2013,17,27,28,40,44,55
27/03/2013,9,14,21,26,36,52
23/03/2013,21,48,50,54,57,60
20/03/2013,10,27,37,40,47,55
16/03/2013,3,4,46,50,56,59
13/03/2013,4,10,26,37,47,57
09/03/2013,12,13,37,44,48,51
06/03/2013,1,2,3,11,28,43
02/03/2013,2,12,33,57,58,60
27/02/2013,12,18,23,25,45,50
23/02/2013,10,25,33,36,40,58
20/02/2013,2,34,36,38,51,55
16/02/2013,4,13,35,54,56,58
13/02/2013,1,2,10,19,20,37
09/02/2013,23,24,26,41,52,53
06/02/2013,4,6,13,34,37,51
02/02/2013,6,11,16,26,44,53
30/01/2013,2,24,32,50,54,59
26/01/2013,13,22,28,29,40,48
23/01/2013,5,9,25,27,38,40
19/01/2013,31,36,44,47,49,54
16/01/2013,4,14,27,38,50,52
12/01/2013,2,6,30,34,35,52
09/01/2013,2,4,16,33,44,51
05/01/2013,15,16,34,42,46,59
02/01/2013,6,8,14,26,36,40
31/12/2012,14,32,33,36,41,52
22/12/2012,4,27,29,41,48,52
20/12/2012,6,13,25,32,47,57
18/12/2012,2,14,28,50,57,58
15/12/2012,2,10,11,33,52,57
12/12/2012,26,27,31,38,44,45
08/12/2012,2,6,18,30,52,56
05/12/2012,1,25,29,36,56,60
01/12/2012,1,19,28,33,39,41
28/11/2012,6,13,24,32,40,51
24/11/2012,5,19,32,41,49,58
21/11/2012,2,5,27,28,48,55
17/11/2012,12,20,32,48,52,54
14/11/2012,12,13,20,30,34,49
10/11/2012,17,29,36,38,53,56
07/11/2012,2,6,28,36,51,56
03/11/2012,2,34,35,42,43,55
31/10/2012,7,14,31,33,36,49
27/10/2012,22,23,26,37,38,48
24/10/2012,1,13,23,24,30,57
20/10/2012,4,15,45,47,50,52
17/10/2012,3,18,22,34,55,58
13/10/2012,4,13,14,40,46,52
10/10/2012,16,24,25,42,45,59
06/10/2012,5,9,13,33,40,54
03/10/2012,2,19,22,30,46,52
29/09/2012,9,12,22,39,48,60
26/09/2012,7,15,19,34,37,55
22/09/2012,8,39,44,47,53,56
19/09/2012,6,15,18,24,30,44
15/09/2012,7,16,29,36,38,50
12/09/2012,3,7,15,29,38,60
08/09/2012,3,8,21,25,27,43
05/09/2012,2,5,13,17,39,44
01/09/2012,19,31,39,44,53,59
29/08/2012,2,11,16,18,36,45
25/08/2012,17,21,30,48,52,58
22/08/2012,7,8,10,12,27,56
18/08/2012,5,12,45,52,56,59
15/08/2012,3,19,22,24,35,49
11/08/2012,26,36,40,46,49,51
09/08/2012,21,37,44,46,49,57
07/08/2012,13,15,33,45,54,55
04/08/2012,6,8,24,37,41,45
01/08/2012,8,12,32,44,46,48
28/07/2012,18,29,40,42,50,54
25/07/2012,6,19,26,47,50,58
21/07/2012,4,19,20,24,39,43
18/07/2012,18,29,31,42,43,53
14/07/2012,7,10,17,24,38,57
11/07/2012,3,14,17,32,37,39
07/07/2012,7,8,27,31,32,51
04/07/2012,13,16,20,26,39,42
30/06/2012,2,9,10,21,27,38
27/06/2012,11,12,25,33,48,54
23/06/2012,9,26,34,43,53,54
20/06/2012,34,39,43,56,57,60
16/06/2012,14,32,33,40,42,51
13/06/2012,3,4,7,15,27,56
09/06/2012,29,48,52,54,55,58
06/06/2012,5,11,17,19,44,48
02/06/2012,11,16,24,35,46,50
30/05/2012,4,18,24,28,39,44
26/05/2012,2,8,12,28,33,43
23/05/2012,7,12,19,34,40,53
19/05/2012,4,19,27,28,29,31
16/05/2012,1,16,28,39,44,57
12/05/2012,22,29,31,43,50,54
09/05/2012,18,27,32,43,50,52
05/05/2012,12,28,38,39,51,56
02/05/2012,27,35,36,37,42,59
28/04/2012,2,18,30,31,45,56
25/04/2012,7,9,23,44,46,55
20/04/2012,5,13,16,17,27,55
18/04/2012,11,27,30,40,44,57
14/04/2012,3,14,52,55,57,60
11/04/2012,5,12,36,45,50,58
07/04/2012,2,5,17,18,54,59
04/04/2012,2,5,12,13,25,35
31/03/2012,9,11,21,49,53,54
28/03/2012,14,25,28,45,53,58
24/03/2012,6,21,28,31,33,43
21/03/2012,7,27,39,52,55,57
17/03/2012,3,36,40,46,58,60
14/03/2012,3,4,8,11,47,49
10/03/2012,2,4,5,27,49,59
07/03/2012,5,16,24,32,38,46
03/03/2012,10,21,26,29,32,38
01/03/2012,2,7,13,29,38,43
25/02/2012,12,27,37,44,54,59
22/02/2012,2,24,26,32,35,50
18/02/2012,10,13,20,40,44,53
15/02/2012,25,35,42,45,52,57
11/02/2012,2,12,19,22,36,58
08/02/2012,23,27,30,37,38,44
04/02/2012,2,16,17,25,50,54
01/02/2012,6,10,12,17,28,53
28/01/2012,3,15,16,35,37,47
25/01/2012,1,19,24,26,52,55
21/01/2012,6,13,21,22,31,46
18/01/2012,11,17,24,39,46,49
14/01/2012,2,8,38,42,48,49
11/01/2012,3,11,13,27,32,47
07/01/2012,9,18,24,35,36,59
04/01/2012,13,33,36,41,50,56
31/12/2011,3,4,29,36,45,55
24/12/2011,9,19,20,50,51,60
22/12/2011,7,12,38,39,45,56
20/12/2011,9,19,45,46,54,56
17/12/2011,12,32,40,47,48,59
14/12/2011,7,17,19,26,40,50
10/12/2011,8,19,21,36,42,59
07/12/2011,19,20,31,42,51,56
03/12/2011,5,7,42,46,50,60
30/11/2011,1,11,20,37,40,52
26/11/2011,13,21,30,36,59,60
23/11/2011,7,10,14,16,54,59
19/11/2011,1,18,19,33,43,60
16/11/2011,2,20,35,38,45,51
12/11/2011,1,32,38,47,51,54
09/11/2011,3,14,20,22,49,51
05/11/2011,1,6,8,10,25,27
03/11/2011,25,26,28,33,42,51
29/10/2011,3,5,13,24,35,59
26/10/2011,9,24,26,39,46,57
22/10/2011,8,18,21,30,48,49
19/10/2011,7,8,11,39,43,50
15/10/2011,10,23,27,43,53,59
13/10/2011,16,35,36,41,52,54
08/10/2011,10,11,18,19,30,50
05/10/2011,2,5,16,20,35,43
01/10/2011,18,29,31,44,51,57
28/09/2011,6,15,25,37,48,55
24/09/2011,10,21,43,47,53,55
21/09/2011,10,47,51,53,59,60
17/09/2011,17,24,25,38,41,55
14/09/2011,4,5,16,18,27,51
10/09/2011,11,14,16,28,34,46
08/09/2011,6,13,29,30,35,37
03/09/2011,8,13,25,34,42,48
31/08/2011,1,27,29,38,50,52
27/08/2011,38,42,44,52,58,60
24/08/2011,1,4,26,39,43,49
20/08/2011,5,20,22,28,29,30
17/08/2011,7,9,12,19,45,54
13/08/2011,8,9,14,32,53,59
11/08/2011,7,12,25,26,32,39
09/08/2011,7,8,24,30,33,47
06/08/2011,7,10,32,43,47,54
03/08/2011,6,19,22,34,43,45
30/07/2011,3,5,11,36,44,46
27/07/2011,7,14,15,20,23,35
23/07/2011,8,19,46,51,52,54
20/07/2011,2,10,15,44,56,57
16/07/2011,3,16,23,25,51,56
13/07/2011,43,44,46,53,54,59
09/07/2011,8,22,32,43,53,56
06/07/2011,14,15,30,53,55,60
02/07/2011,2,5,11,13,56,59
29/06/2011,10,14,43,46,49,53
25/06/2011,2,5,15,20,43,57
22/06/2011,4,6,29,48,50,51
18/06/2011,1,13,24,40,44,50
15/06/2011,9,11,23,30,31,54
11/06/2011,18,40,47,54,57,58
08/06/2011,2,3,14,23,34,50
04/06/2011,1,3,8,13,27,52
01/06/2011,17,30,32,40,42,56
28/05/2011,11,12,31,33,42,52
25/05/2011,2,5,28,33,51,52
21/05/2011,10,15,28,31,33,38
18/05/2011,20,21,26,29,31,36
14/05/2011,8,30,40,44,59,60
11/05/2011,4,23,39,52,55,56
07/05/2011,8,11,14,30,36,38
04/05/2011,6,10,16,20,29,54
30/04/2011,8,14,29,35,36,40
27/04/2011,4,16,24,25,30,56
23/04/2011,12,18,31,50,59,60
20/04/2011,5,9,11,22,36,40
16/04/2011,2,14,48,55,58,60
13/04/2011,13,17,21,39,40,59
09/04/2011,13,19,26,40,58,60
06/04/2011,13,26,27,28,35,52
02/04/2011,1,2,39,48,52,59
30/03/2011,5,9,24,31,33,42
26/03/2011,4,5,15,17,27,51
23/03/2011,3,16,17,44,53,60
19/03/2011,4,20,30,41,47,58
16/03/2011,6,10,33,39,42,60
12/03/2011,13,19,24,46,50,60
09/03/2011,4,17,36,37,51,56
05/03/2011,4,18,26,36,41,53
02/03/2011,5,7,8,9,11,39
26/02/2011,10,14,22,41,42,53
23/02/2011,19,23,29,31,41,53
19/02/2011,4,6,39,46,54,58
16/02/2011,11,26,47,55,57,59
12/02/2011,2,15,26,27,30,52
09/02/2011,26,33,35,38,43,53
05/02/2011,5,23,38,39,51,54
02/02/2011,7,9,14,18,29,39
29/01/2011,2,17,23,43,44,51
26/01/2011,2,14,35,39,49,51
22/01/2011,5,27,34,46,48,52
19/01/2011,1,2,24,40,51,59
15/01/2011,3,8,36,40,51,53
12/01/2011,20,33,34,57,58,60
08/01/2011,3,9,11,24,36,51
05/01/2011,10,37,40,43,57,59
31/12/2010,2,10,34,37,43,50
24/12/2010,2,8,15,25,34,45
22/12/2010,9,19,23,29,32,57
20/12/2010,11,34,45,48,51,54
18/12/2010,10,13,25,26,28,45
15/12/2010,8,9,12,22,42,49
11/12/2010,1,15,37,39,48,52
08/12/2010,13,14,24,39,40,45
04/12/2010,5,18,21,26,39,59
01/12/2010,3,8,17,20,38,53
27/11/2010,10,16,20,26,49,55
24/11/2010,3,5,19,24,30,35
20/11/2010,22,29,32,49,54,59
17/11/2010,8,11,12,15,18,22
13/11/2010,5,20,23,27,39,49
10/11/2010,9,12,19,22,35,37
06/11/2010,12,30,32,40,49,60
03/11/2010,10,23,36,50,52,60
30/10/2010,4,28,30,31,35,54
27/10/2010,10,31,40,50,55,56
23/10/2010,31,32,34,40,50,55
20/10/2010,19,21,27,41,53,57
16/10/2010,15,17,35,42,47,48
13/10/2010,5,8,19,26,48,57
09/10/2010,5,14,37,43,46,58
06/10/2010,5,15,43,48,52,55
02/10/2010,2,33,34,37,41,53
29/09/2010,10,23,29,31,33,46
25/09/2010,5,11,15,28,43,50
22/09/2010,4,7,13,25,27,58
18/09/2010,10,25,30,47,50,51
15/09/2010,5,29,30,36,41,48
11/09/2010,3,11,26,34,45,53
08/09/2010,2,23,33,35,40,50
04/09/2010,3,15,31,36,48,54
01/09/2010,3,7,9,10,31,34
28/08/2010,5,14,17,30,35,38
25/08/2010,1,12,20,26,45,54
21/08/2010,9,11,22,32,35,56
18/08/2010,2,6,11,36,37,48
14/08/2010,4,13,14,26,29,35
11/08/2010,5,10,25,39,43,52
07/08/2010,7,9,30,33,38,55
04/08/2010,8,9,11,48,53,60
31/07/2010,28,32,36,49,55,60
28/07/2010,3,10,11,39,54,56
24/07/2010,16,19,23,28,39,58
21/07/2010,22,29,36,41,48,58
17/07/2010,36,37,39,49,54,60
14/07/2010,3,6,19,20,58,60
10/07/2010,17,20,26,27,55,57
07/07/2010,6,13,24,41,50,53
03/07/2010,2,9,12,14,32,54
30/06/2010,17,20,49,52,57,59
26/06/2010,3,11,16,22,25,33
23/06/2010,10,11,19,37,53,56
19/06/2010,14,21,27,31,35,50
16/06/2010,9,20,44,52,59,60
12/06/2010,8,17,19,40,43,49
09/06/2010,7,8,12,13,15,41
05/06/2010,2,10,21,35,43,54
02/06/2010,4,9,23,27,28,30
29/05/2010,5,10,12,20,29,37
26/05/2010,2,4,29,52,56,60
22/05/2010,18,20,26,31,44,45
19/05/2010,12,30,34,44,57,60
15/05/2010,5,22,28,47,59,60
12/05/2010,1,22,30,45,50,53
08/05/2010,33,38,47,50,52,55
05/05/2010,11,14,21,30,33,49
30/04/2010,2,3,12,16,37,47
28/04/2010,6,7,39,47,51,52
24/04/2010,5,7,24,25,36,47
20/04/2010,6,12,28,43,52,56
17/04/2010,3,10,13,30,41,57
14/04/2010,11,13,27,34,46,49
10/04/2010,1,11,14,23,42,48
07/04/2010,4,5,20,47,53,56
03/04/2010,20,28,43,51,52,56
31/03/2010,22,28,30,31,35,54
27/03/2010,20,40,42,52,54,60
24/03/2010,6,14,17,26,40,49
20/03/2010,5,17,31,47,51,53
17/03/2010,18,22,25,30,31,41
13/03/2010,4,7,42,47,48,51
10/03/2010,1,3,5,18,40,48
06/03/2010,5,6,34,46,53,55
03/03/2010,23,30,31,54,55,60
27/02/2010,9,29,41,43,46,49
24/02/2010,9,24,31,44,48,49
20/02/2010,20,28,40,41,51,58
17/02/2010,4,12,14,21,26,28
13/02/2010,6,17,19,34,46,55
10/02/2010,14,20,29,36,44,47
06/02/2010,1,4,14,21,25,51
03/02/2010,15,17,28,31,35,52
30/01/2010,7,8,23,36,46,54
27/01/2010,27,28,29,32,48,55
23/01/2010,6,23,31,33,39,52
20/01/2010,6,10,28,33,34,53
16/01/2010,3,16,19,24,33,60
13/01/2010,1,10,18,19,44,49
09/01/2010,3,30,35,44,47,60
06/01/2010,3,15,26,28,31,58
02/01/2010,9,37,40,50,58,60
31/12/2009,10,27,40,46,49,58
26/12/2009,9,28,31,36,37,42
24/12/2009,2,4,15,18,25,36
22/12/2009,19,21,25,28,43,50
19/12/2009,7,31,32,34,37,43
16/12/2009,4,5,6,19,23,39
12/12/2009,9,22,29,36,51,56
09/12/2009,5,10,16,21,39,58
05/12/2009,12,27,30,33,52,55
02/12/2009,1,8,16,34,36,49
28/11/2009,5,18,23,32,49,54
25/11/2009,12,17,19,32,47,55
21/11/2009,8,16,24,39,52,60
18/11/2009,5,8,14,24,29,30
14/11/2009,4,31,42,52,57,59
11/11/2009,3,7,29,33,42,56
07/11/2009,7,11,16,18,33,49
04/11/2009,4,14,19,39,45,60
31/10/2009,26,44,46,49,55,56
28/10/2009,4,17,18,54,56,59
24/10/2009,7,35,40,44,50,55
21/10/2009,10,34,41,44,45,54
17/10/2009,8,20,21,43,44,55
14/10/2009,1,6,17,27,35,40
10/10/2009,4,9,13,17,20,47
07/10/2009,18,30,37,41,44,50
03/10/2009,3,15,16,22,25,54
30/09/2009,3,6,29,36,47,59
26/09/2009,4,32,34,43,52,58
23/09/2009,4,9,25,32,33,43
19/09/2009,6,14,26,28,42,45
16/09/2009,6,8,11,14,29,52
12/09/2009,7,9,39,43,44,60
09/09/2009,3,9,20,36,53,54
05/09/2009,4,15,43,47,50,60
02/09/2009,1,15,28,43,50,57
29/08/2009,2,3,6,35,49,58
26/08/2009,10,19,28,41,55,56
22/08/2009,9,11,23,35,46,51
19/08/2009,6,7,10,12,24,57
15/08/2009,7,17,18,33,41,42
12/08/2009,14,31,35,38,44,55
08/08/2009,11,20,21,30,50,52
05/08/2009,1,17,21,33,48,56
01/08/2009,3,13,14,16,41,52
29/07/2009,10,16,21,23,27,36
25/07/2009,9,10,21,36,41,48
22/07/2009,19,23,27,38,41,49
18/07/2009,1,9,30,33,34,40
15/07/2009,17,23,24,27,49,56
11/07/2009,9,20,24,36,40,42
08/07/2009,2,18,20,32,37,48
04/07/2009,6,24,31,35,42,57
01/07/2009,3,20,28,32,36,46
27/06/2009,2,4,6,10,23,45
24/06/2009,12,21,39,40,50,55
20/06/2009,5,20,29,33,40,59
17/06/2009,10,20,23,28,42,43
13/06/2009,4,17,38,40,50,55
10/06/2009,9,16,24,29,52,56
06/06/2009,11,18,20,34,41,56
03/06/2009,5,12,24,28,36,37
30/05/2009,3,6,34,41,43,45
27/05/2009,5,6,9,11,18,37
23/05/2009,4,10,19,32,33,42
20/05/2009,10,12,16,21,39,53
16/05/2009,3,10,23,29,47,50
13/05/2009,8,25,32,34,36,44
09/05/2009,9,18,19,43,47,54
06/05/2009,5,7,37,43,53,54
02/05/2009,5,8,16,23,41,53
29/04/2009,9,17,28,45,49,53
25/04/2009,25,27,44,47,48,57
22/04/2009,4,10,14,25,28,56
18/04/2009,6,10,25,32,43,49
15/04/2009,7,19,30,39,43,57
11/04/2009,4,16,19,28,29,49
08/04/2009,1,22,44,47,49,50
04/04/2009,2,8,23,33,37,55
01/04/2009,9,21,23,30,41,56
28/03/2009,1,3,16,18,41,42
25/03/2009,1,12,14,16,37,45
21/03/2009,18,20,24,45,51,57
18/03/2009,2,3,4,15,49,59
14/03/2009,6,8,38,50,53,59
11/03/2009,12,15,16,20,27,32
07/03/2009,13,14,18,27,41,60
04/03/2009,15,27,34,42,49,53
28/02/2009,8,11,15,16,52,57
25/02/2009,7,10,11,13,43,57
21/02/2009,14,24,26,33,45,60
18/02/2009,2,5,17,29,34,52
14/02/2009,3,16,21,28,38,57
11/02/2009,1,2,8,10,14,48
07/02/2009,28,40,42,54,55,57
04/02/2009,1,5,6,17,31,50
31/01/2009,10,11,13,35,39,58
28/01/2009,14,21,25,48,51,60
24/01/2009,13,18,25,30,46,51
21/01/2009,10,12,36,44,54,57
17/01/2009,1,6,28,39,44,55
14/01/2009,2,20,24,27,36,52
10/01/2009,6,7,28,35,43,51
07/01/2009,4,36,44,46,53,56
03/01/2009,10,27,36,39,41,52
31/12/2008,1,11,26,51,59,60
27/12/2008,1,3,18,20,42,49
24/12/2008,5,6,17,33,39,54
20/12/2008,15,16,26,29,43,57
17/12/2008,24,33,40,43,46,49
13/12/2008,1,8,23,37,54,57
10/12/2008,5,16,17,20,24,32
06/12/2008,20,26,34,51,52,54
03/12/2008,18,20,33,44,47,60
29/11/2008,6,10,17,33,51,53
26/11/2008,10,27,28,29,40,52
22/11/2008,18,22,28,29,39,53
19/11/2008,2,7,8,18,40,45
16/11/2008,5,21,31,39,40,56
12/11/2008,2,33,42,43,51,55
08/11/2008,1,2,19,32,39,52
05/11/2008,4,13,23,29,46,47
01/11/2008,9,24,44,51,55,58
29/10/2008,6,19,31,34,51,56
25/10/2008,5,9,11,20,25,60
22/10/2008,3,8,17,26,28,49
18/10/2008,8,9,25,41,57,60
15/10/2008,7,9,12,19,20,41
11/10/2008,14,19,40,47,55,58
08/10/2008,2,11,21,30,35,52
04/10/2008,2,3,13,37,46,54
01/10/2008,1,6,12,29,34,58
27/09/2008,7,13,15,34,42,48
24/09/2008,4,27,36,37,49,52
20/09/2008,2,4,17,33,48,55
17/09/2008,4,6,12,37,41,42
13/09/2008,29,40,43,44,45,47
10/09/2008,5,10,16,23,26,27
06/09/2008,3,7,25,31,40,58
03/09/2008,12,15,27,37,51,60
30/08/2008,29,38,39,49,53,58
27/08/2008,18,24,36,44,55,58
23/08/2008,3,4,21,22,28,32
20/08/2008,9,17,18,32,53,55
16/08/2008,7,15,20,21,23,29
13/08/2008,4,16,31,36,54,55
09/08/2008,3,20,29,40,44,58
06/08/2008,5,24,25,26,42,60
02/08/2008,1,4,6,8,25,28
30/07/2008,8,9,15,38,41,60
26/07/2008,2,10,15,18,29,39
23/07/2008,2,21,27,29,32,38
19/07/2008,8,17,46,48,56,60
16/07/2008,13,27,31,34,47,58
12/07/2008,6,15,19,24,31,32
09/07/2008,4,16,18,46,56,59
05/07/2008,4,10,20,43,46,47
02/07/2008,16,22,32,38,40,45
28/06/2008,8,12,24,40,43,49
25/06/2008,1,8,34,41,53,58
21/06/2008,15,17,29,35,36,59
18/06/2008,3,15,28,31,39,51
14/06/2008,12,16,18,27,42,58
11/06/2008,3,5,7,9,17,32
07/06/2008,14,23,25,28,38,53
04/06/2008,9,30,33,37,40,41
31/05/2008,12,16,20,31,38,45
28/05/2008,1,8,30,36,47,53
24/05/2008,15,18,31,33,34,56
21/05/2008,4,11,14,33,44,45
17/05/2008,5,21,28,34,54,57
14/05/2008,13,25,35,41,50,56
10/05/2008,1,4,13,30,51,60
07/05/2008,5,13,14,18,30,57
03/05/2008,1,4,26,28,41,58
30/04/2008,5,30,36,39,57,58
26/04/2008,8,13,20,26,33,42
23/04/2008,15,17,37,48,50,59
19/04/2008,2,11,40,48,49,55
16/04/2008,2,4,16,21,36,53
12/04/2008,6,18,19,33,34,53
09/04/2008,3,5,11,33,39,57
05/04/2008,7,13,22,33,48,51
02/04/2008,24,25,32,34,50,57
29/03/2008,46,47,51,54,57,59
26/03/2008,5,12,21,32,33,35
22/03/2008,5,8,18,24,33,57
19/03/2008,1,16,39,42,48,55
15/03/2008,2,11,18,27,30,54
12/03/2008,14,24,34,39,49,55
08/03/2008,23,41,42,48,49,59
05/03/2008,1,23,41,44,51,52
01/03/2008,22,41,44,46,52,54
27/02/2008,3,5,11,14,33,58
23/02/2008,1,5,12,47,52,59
20/02/2008,4,8,27,44,54,59
16/02/2008,16,37,43,52,58,59
13/02/2008,3,12,23,41,47,58
09/02/2008,5,8,18,42,52,59
06/02/2008,10,11,15,27,53,60
02/02/2008,5,25,31,33,37,51
30/01/2008,6,19,23,37,49,50
26/01/2008,15,27,35,50,57,59
23/01/2008,2,21,22,30,41,52
19/01/2008,5,14,22,29,33,44
16/01/2008,7,13,18,29,31,45
12/01/2008,1,3,21,25,44,48
09/01/2008,8,14,25,39,45,51
05/01/2008,2,17,21,36,42,53
31/12/2007,7,17,19,34,36,39
22/12/2007,20,28,37,46,49,55
19/12/2007,16,27,35,39,49,57
15/12/2007,4,10,32,33,49,60
12/12/2007,19,23,26,31,33,36
08/12/2007,21,33,34,40,41,59
05/12/2007,8,22,36,37,46,52
01/12/2007,2,20,21,27,51,60
28/11/2007,2,15,39,50,53,57
24/11/2007,12,13,19,41,45,49
21/11/2007,1,9,35,41,48,57
17/11/2007,5,17,24,52,55,57
14/11/2007,3,25,31,41,43,60
10/11/2007,4,8,12,38,44,52
07/11/2007,23,25,30,46,47,59
03/11/2007,5,28,33,36,37,38
31/10/2007,17,20,26,28,48,49
27/10/2007,9,12,23,33,45,51
24/10/2007,14,30,36,38,46,59
20/10/2007,4,19,21,26,29,54
17/10/2007,1,6,28,29,46,49
13/10/2007,3,15,27,29,36,53
10/10/2007,17,22,26,28,38,42
06/10/2007,1,9,19,25,50,52
03/10/2007,9,36,37,41,51,53
29/09/2007,7,14,24,29,35,39
26/09/2007,2,4,15,16,55,57
22/09/2007,32,44,48,51,53,59
19/09/2007,5,17,20,32,41,55
15/09/2007,18,23,50,52,55,58
12/09/2007,13,16,32,33,34,56
08/09/2007,4,18,21,34,38,59
05/09/2007,18,20,36,53,54,58
01/09/2007,3,4,8,30,45,54
29/08/2007,7,21,22,43,46,57
25/08/2007,5,11,22,31,35,41
22/08/2007,2,41,43,55,57,58
18/08/2007,20,24,28,37,41,44
15/08/2007,3,18,26,51,53,56
11/08/2007,1,19,42,44,49,52
08/08/2007,15,16,19,22,34,35
04/08/2007,7,9,17,21,22,54
01/08/2007,20,24,34,39,54,60
28/07/2007,24,40,50,52,54,60
25/07/2007,1,12,21,32,34,44
21/07/2007,17,33,37,50,55,59
18/07/2007,4,13,31,33,47,51
14/07/2007,2,11,12,14,22,39
11/07/2007,21,32,37,52,53,60
07/07/2007,17,41,42,44,45,60
04/07/2007,4,18,24,43,51,56
30/06/2007,25,30,37,46,49,51
27/06/2007,10,28,29,35,42,46
23/06/2007,11,12,37,38,43,54
20/06/2007,13,15,20,28,31,36
16/06/2007,4,8,12,41,45,60
13/06/2007,18,20,24,36,53,58
09/06/2007,10,20,42,44,52,59
06/06/2007,4,19,30,34,57,59
02/06/2007,5,18,31,43,55,58
30/05/2007,1,5,10,17,47,58
26/05/2007,8,21,34,40,43,52
23/05/2007,27,29,42,49,50,51
19/05/2007,21,22,25,40,51,57
16/05/2007,10,19,26,28,44,54
12/05/2007,5,27,36,40,46,48
09/05/2007,23,26,27,41,51,53
05/05/2007,8,11,31,33,42,57
02/05/2007,15,24,32,50,53,57
28/04/2007,2,8,11,12,19,35
25/04/2007,39,40,42,47,59,60
23/04/2007,2,8,17,22,42,44
18/04/2007,9,12,34,46,47,57
14/04/2007,4,18,23,31,37,54
11/04/2007,2,3,17,49,50,59
07/04/2007,11,15,40,41,42,47
04/04/2007,3,24,31,42,43,53
31/03/2007,3,17,24,25,27,44
28/03/2007,30,38,46,51,56,59
24/03/2007,6,14,23,34,38,44
21/03/2007,3,16,19,32,35,58
17/03/2007,7,22,25,44,59,60
14/03/2007,8,9,39,44,49,58
10/03/2007,17,27,32,34,47,56
07/03/2007,14,15,27,42,44,48
03/03/2007,2,3,44,47,50,54
28/02/2007,14,19,20,40,48,52
24/02/2007,16,24,34,44,54,57
17/02/2007,1,16,34,36,45,48
14/02/2007,7,9,30,44,51,60
10/02/2007,7,22,32,36,38,51
07/02/2007,17,29,31,35,43,59
03/02/2007,7,8,11,18,37,43
31/01/2007,9,23,30,38,44,47
27/01/2007,5,6,16,24,34,60
24/01/2007,17,22,28,38,52,59
20/01/2007,18,31,33,49,57,58
17/01/2007,10,16,17,34,44,51
13/01/2007,13,16,46,53,57,58
10/01/2007,15,17,23,33,39,49
06/01/2007,3,32,33,42,48,50
03/01/2007,2,13,41,49,51,53
31/12/2006,10,14,32,47,50,56
23/12/2006,23,28,38,42,50,53
21/12/2006,18,24,30,42,51,56
19/12/2006,6,7,8,27,45,53
16/12/2006,10,21,28,40,41,47
13/12/2006,6,7,9,20,33,48
09/12/2006,1,15,26,51,54,59
06/12/2006,4,10,17,27,41,52
02/12/2006,4,29,33,36,38,42
29/11/2006,10,17,21,32,45,46
25/11/2006,5,19,25,46,51,58
22/11/2006,8,9,22,25,41,44
18/11/2006,10,29,30,34,43,52
16/11/2006,20,21,30,40,47,52
11/11/2006,9,19,37,39,50,57
08/11/2006,2,8,11,41,46,50
04/11/2006,9,15,23,45,46,56
01/11/2006,11,13,38,39,54,57
28/10/2006,10,28,32,41,47,57
25/10/2006,1,4,5,33,37,48
21/10/2006,5,11,15,23,25,30
18/10/2006,2,15,21,31,46,57
14/10/2006,2,8,27,32,49,56
12/10/2006,18,26,35,41,47,60
07/10/2006,2,30,36,43,48,60
04/10/2006,3,13,37,47,56,59
30/09/2006,3,5,10,21,28,57
27/09/2006,6,14,18,24,48,60
23/09/2006,11,19,20,22,42,48
20/09/2006,1,7,11,37,38,56
16/09/2006,19,29,35,42,55,57
13/09/2006,3,4,9,29,32,52
09/09/2006,6,12,47,48,52,58
06/09/2006,5,19,24,34,39,43
02/09/2006,14,21,26,29,36,48
30/08/2006,3,38,42,47,55,56
26/08/2006,3,15,16,33,51,57
23/08/2006,9,29,34,43,45,56
19/08/2006,9,14,19,35,42,58
16/08/2006,2,6,19,22,28,43
12/08/2006,6,31,38,39,50,60
09/08/2006,17,19,29,31,44,57
05/08/2006,20,31,34,37,54,60
02/08/2006,10,11,26,27,31,41
29/07/2006,5,8,17,35,37,48
26/07/2006,8,27,37,42,53,56
22/07/2006,4,8,21,32,43,48
19/07/2006,2,11,23,35,42,59
15/07/2006,8,10,13,39,54,56
12/07/2006,7,10,28,50,51,59
08/07/2006,25,26,29,36,52,54
05/07/2006,20,31,36,37,45,51
01/07/2006,2,14,23,28,50,56
28/06/2006,3,15,35,41,57,60
24/06/2006,12,27,42,46,47,50
21/06/2006,5,10,37,46,54,58
17/06/2006,3,5,14,29,34,51
14/06/2006,10,35,38,51,52,60
10/06/2006,14,21,29,34,46,47
07/06/2006,4,12,25,34,35,48
03/06/2006,12,16,20,21,29,50
31/05/2006,4,8,30,33,37,59
27/05/2006,15,22,32,38,50,54
24/05/2006,1,19,24,42,50,58
21/05/2006,3,10,16,30,37,50
18/05/2006,3,7,45,47,53,55
13/05/2006,1,9,26,40,47,48
10/05/2006,9,12,21,37,39,54
06/05/2006,13,17,27,29,40,56
03/05/2006,12,17,44,45,46,60
29/04/2006,30,31,39,45,48,59
26/04/2006,1,23,36,43,47,59
22/04/2006,12,17,18,30,32,58
19/04/2006,5,27,37,38,41,50
15/04/2006,4,12,30,47,49,59
12/04/2006,3,4,13,34,42,50
08/04/2006,2,7,22,35,43,59
05/04/2006,4,23,24,25,29,42
01/04/2006,4,7,20,25,38,50
29/03/2006,10,17,33,42,54,58
25/03/2006,4,24,47,48,50,57
22/03/2006,1,2,7,19,35,51
18/03/2006,2,3,12,21,23,56
15/03/2006,1,10,12,25,49,57
11/03/2006,2,16,21,37,43,57
08/03/2006,4,12,23,26,39,46
04/03/2006,20,23,25,32,54,60
01/03/2006,2,7,17,34,41,50
25/02/2006,24,26,27,36,39,59
22/02/2006,12,16,28,29,47,50
18/02/2006,6,10,35,45,49,56
15/02/2006,14,15,26,30,42,54
11/02/2006,11,12,24,32,33,38
08/02/2006,1,21,38,41,49,56
04/02/2006,9,15,38,40,42,52
01/02/2006,27,29,43,44,45,54
28/01/2006,2,12,26,31,43,46
25/01/2006,6,17,19,49,50,53
21/01/2006,6,15,16,23,28,35
18/01/2006,2,15,16,45,50,54
14/01/2006,5,18,33,43,56,57
11/01/2006,8,13,24,32,42,44
07/01/2006,4,12,14,30,42,59
04/01/2006,1,5,7,37,40,47
31/12/2005,3,9,35,37,41,49
21/12/2005,17,27,34,48,51,55
17/12/2005,1,6,16,36,50,52
14/12/2005,9,18,36,44,57,60
10/12/2005,3,14,23,25,36,55
07/12/2005,12,31,44,51,54,56
03/12/2005,3,32,37,39,47,53
30/11/2005,7,21,33,35,39,58
26/11/2005,6,17,23,28,35,41
23/11/2005,2,7,16,29,32,50
19/11/2005,4,12,24,33,36,54
16/11/2005,7,8,17,35,39,53
12/11/2005,1,12,16,26,46,54
09/11/2005,7,8,35,43,53,58
05/11/2005,5,10,33,40,41,59
29/10/2005,5,25,34,39,46,49
26/10/2005,4,6,9,22,29,44
22/10/2005,7,9,13,39,45,47
19/10/2005,1,8,10,36,43,51
15/10/2005,2,7,10,17,22,60
08/10/2005,3,11,13,15,26,43
05/10/2005,2,4,18,27,34,50
01/10/2005,2,11,24,27,30,45
28/09/2005,1,18,45,56,57,58
24/09/2005,1,13,23,31,48,60
21/09/2005,2,3,14,24,31,40
19/09/2005,17,23,48,50,53,54
14/09/2005,8,12,22,27,43,55
10/09/2005,28,31,32,35,51,53
03/09/2005,9,16,34,37,53,57
31/08/2005,6,11,13,21,40,52
27/08/2005,15,19,29,37,41,53
24/08/2005,13,14,17,31,41,50
20/08/2005,11,18,33,57,58,60
17/08/2005,8,16,37,50,55,58
13/08/2005,8,12,15,41,47,53
10/08/2005,6,7,31,49,51,60
06/08/2005,11,21,30,35,47,52
03/08/2005,1,7,14,41,48,59
30/07/2005,4,5,15,26,33,54
27/07/2005,5,12,27,33,43,56
23/07/2005,17,19,33,37,40,50
20/07/2005,2,11,12,35,40,43
16/07/2005,4,27,36,37,47,60
13/07/2005,21,25,38,53,58,59
09/07/2005,2,3,5,22,26,44
06/07/2005,3,21,25,37,54,58
02/07/2005,14,31,40,42,44,46
29/06/2005,8,10,25,32,48,55
25/06/2005,9,15,32,41,42,49
22/06/2005,24,25,30,42,43,50
18/06/2005,18,22,29,32,38,42
15/06/2005,6,11,20,34,37,40
11/06/2005,24,28,34,38,43,53
08/06/2005,9,16,27,38,39,51
04/06/2005,22,37,42,48,58,59
01/06/2005,7,24,27,40,41,49
28/05/2005,1,2,14,33,49,56
25/05/2005,1,4,5,16,23,49
21/05/2005,7,16,26,29,45,55
18/05/2005,7,8,18,25,47,48
14/05/2005,1,12,36,38,55,59
11/05/2005,1,27,30,49,51,55
07/05/2005,4,18,23,25,56,60
04/05/2005,4,27,36,40,42,55
30/04/2005,5,11,38,46,53,54
27/04/2005,14,29,34,40,51,52
23/04/2005,3,6,11,20,36,41
20/04/2005,16,20,33,58,59,60
16/04/2005,35,36,37,46,51,59
13/04/2005,1,26,37,39,43,48
09/04/2005,6,10,11,40,41,56
06/04/2005,5,9,19,24,31,34
02/04/2005,10,18,20,24,56,57
30/03/2005,26,28,39,45,48,60
26/03/2005,10,24,25,29,53,59
23/03/2005,9,24,33,41,48,54
19/03/2005,5,23,29,42,45,48
16/03/2005,11,12,14,19,54,56
12/03/2005,10,13,32,47,49,60
09/03/2005,3,24,48,52,53,54
05/03/2005,14,27,29,31,34,57
02/03/2005,14,24,37,40,42,45
26/02/2005,17,36,40,44,51,56
23/02/2005,1,9,13,17,33,34
19/02/2005,12,19,42,46,59,60
16/02/2005,13,35,39,45,51,60
12/02/2005,10,11,36,41,42,50
05/02/2005,11,18,43,48,52,58
02/02/2005,26,28,30,32,34,50
29/01/2005,8,20,26,37,42,49
26/01/2005,10,13,24,41,42,56
22/01/2005,5,11,22,27,46,50
19/01/2005,2,19,28,48,51,54
15/01/2005,1,20,28,32,44,47
12/01/2005,12,16,20,45,53,60
08/01/2005,15,16,39,40,47,51
05/01/2005,8,16,22,30,56,58
29/12/2004,1,13,19,45,56,58
22/12/2004,7,8,18,22,39,49
18/12/2004,12,24,32,40,42,59
15/12/2004,8,23,34,39,43,52
11/12/2004,9,23,30,42,49,55
08/12/2004,19,27,29,38,50,59
04/12/2004,26,29,31,49,50,57
01/12/2004,1,3,13,22,29,32
27/11/2004,8,12,14,16,19,46
24/11/2004,3,8,10,13,24,60
20/11/2004,3,5,25,33,36,49
17/11/2004,2,12,16,24,26,54
13/11/2004,5,8,10,27,31,51
10/11/2004,12,16,31,48,57,60
06/11/2004,6,13,19,44,54,55
03/11/2004,15,18,33,50,53,55
30/10/2004,16,21,22,33,48,49
27/10/2004,25,30,43,45,47,49
23/10/2004,2,6,15,58,59,60
20/10/2004,6,13,19,24,30,37
16/10/2004,6,11,19,27,41,59
13/10/2004,6,23,32,35,41,55
09/10/2004,4,24,44,49,52,53
06/10/2004,15,25,41,46,49,51
02/10/2004,4,8,11,12,29,44
29/09/2004,7,13,38,46,55,60
25/09/2004,10,19,22,29,30,37
22/09/2004,16,18,31,34,39,54
18/09/2004,4,6,9,23,45,51
15/09/2004,5,16,34,38,50,53
11/09/2004,22,27,29,40,42,56
08/09/2004,11,14,28,43,54,60
04/09/2004,1,2,25,43,50,54
01/09/2004,10,13,29,47,53,55
28/08/2004,1,25,27,29,49,59
25/08/2004,13,14,42,47,55,59
21/08/2004,1,3,18,34,50,58
18/08/2004,4,5,18,25,28,51
14/08/2004,6,7,8,13,33,59
11/08/2004,11,13,45,46,53,55
07/08/2004,2,18,29,30,36,60
04/08/2004,11,13,38,39,45,54
31/07/2004,12,24,33,36,39,57
28/07/2004,7,8,23,30,32,53
24/07/2004,6,7,20,41,43,55
21/07/2004,13,29,40,45,51,59
17/07/2004,14,17,25,30,39,52
14/07/2004,15,16,18,28,38,47
10/07/2004,4,9,15,17,34,39
07/07/2004,3,18,23,48,56,58
03/07/2004,8,23,24,28,31,47
30/06/2004,7,8,18,39,43,52
26/06/2004,5,18,21,29,35,48
23/06/2004,2,10,17,23,32,44
19/06/2004,6,17,22,29,40,59
16/06/2004,3,9,16,20,33,60
12/06/2004,12,13,14,31,50,51
09/06/2004,15,32,33,35,36,51
05/06/2004,3,9,14,15,32,57
02/06/2004,13,17,22,25,29,41
29/05/2004,11,31,38,41,57,58
26/05/2004,6,13,17,18,20,37
22/05/2004,7,31,34,35,37,45
19/05/2004,10,13,20,32,38,49
15/05/2004,5,8,23,34,44,51
12/05/2004,16,23,35,37,55,57
08/05/2004,1,20,36,39,49,55
05/05/2004,2,11,18,30,32,58
01/05/2004,6,13,17,25,36,53
28/04/2004,7,14,31,57,58,59
24/04/2004,8,12,18,23,38,49
21/04/2004,8,10,17,30,33,45
17/04/2004,5,23,31,33,45,49
14/04/2004,15,29,31,42,47,60
10/04/2004,4,43,46,53,54,58
07/04/2004,9,22,47,49,52,54
03/04/2004,12,21,46,48,56,57
31/03/2004,16,17,38,39,45,56
27/03/2004,8,13,22,46,51,58
24/03/2004,14,47,49,51,58,59
20/03/2004,4,13,28,30,53,59
17/03/2004,4,5,13,17,46,54
13/03/2004,17,29,35,40,43,57
10/03/2004,11,17,33,34,47,56
06/03/2004,35,37,42,46,49,54
03/03/2004,4,6,19,28,35,49
28/02/2004,13,27,49,52,57,58
21/02/2004,4,22,28,30,44,49
18/02/2004,6,16,19,47,50,55
14/02/2004,3,25,43,45,52,56
11/02/2004,3,7,19,34,37,39
07/02/2004,14,15,22,23,25,37
04/02/2004,6,14,28,47,49,56
31/01/2004,3,8,23,31,48,57
28/01/2004,13,18,21,27,53,59
24/01/2004,4,9,12,13,52,53
21/01/2004,1,3,7,18,35,50
17/01/2004,1,6,21,25,32,49
14/01/2004,1,13,33,38,45,56
10/01/2004,8,12,28,31,34,37
07/01/2004,6,14,17,26,50,52
03/01/2004,3,21,31,36,55,59
27/12/2003,8,10,24,26,32,49
20/12/2003,19,29,34,41,47,48
17/12/2003,28,39,40,44,45,58
13/12/2003,6,14,15,25,49,52
10/12/2003,15,25,28,32,38,45
06/12/2003,9,12,17,32,34,35
03/12/2003,9,15,19,22,36,42
29/11/2003,5,8,10,15,18,44
26/11/2003,7,8,28,32,38,51
22/11/2003,5,13,24,33,34,35
19/11/2003,15,16,39,45,48,57
15/11/2003,15,36,40,42,51,52
12/11/2003,10,19,27,33,39,46
08/11/2003,4,8,31,40,53,58
05/11/2003,3,4,8,34,36,37
01/11/2003,1,4,30,41,45,58
29/10/2003,28,32,33,34,35,55
25/10/2003,5,10,15,45,46,56
22/10/2003,3,5,27,33,44,58
18/10/2003,4,15,31,34,37,38
15/10/2003,3,20,28,46,47,52
11/10/2003,8,11,19,30,39,50
08/10/2003,7,10,21,27,48,49
04/10/2003,7,13,21,24,33,50
01/10/2003,16,27,28,34,39,56
27/09/2003,21,29,35,36,38,54
20/09/2003,1,4,5,11,44,59
17/09/2003,2,6,28,49,50,57
13/09/2003,9,13,20,32,41,58
10/09/2003,10,19,20,29,41,59
06/09/2003,8,15,29,36,49,60
03/09/2003,18,20,28,32,49,53
30/08/2003,3,18,20,24,42,54
27/08/2003,2,6,15,18,56,57
23/08/2003,1,9,15,22,43,55
20/08/2003,5,11,23,29,54,58
16/08/2003,17,28,33,36,53,59
13/08/2003,15,30,35,39,43,57
09/08/2003,8,22,25,48,52,54
06/08/2003,8,14,19,30,42,50
02/08/2003,19,28,30,38,52,57
30/07/2003,17,18,19,38,49,53
26/07/2003,16,18,23,35,44,59
23/07/2003,12,13,33,53,54,56
19/07/2003,6,13,22,24,42,44
16/07/2003,14,33,36,38,41,49
12/07/2003,20,26,41,46,54,58
09/07/2003,3,8,21,25,30,31
05/07/2003,6,8,18,34,38,47
02/07/2003,17,20,38,43,55,58
28/06/2003,6,8,19,22,43,52
25/06/2003,3,12,32,34,40,50
21/06/2003,7,23,41,49,51,58
18/06/2003,3,4,12,29,38,51
14/06/2003,5,31,32,36,51,59
11/06/2003,8,11,23,37,51,58
07/06/2003,13,21,26,29,42,47
04/06/2003,5,6,23,25,39,51
31/05/2003,8,18,21,22,38,60
28/05/2003,11,16,28,29,30,45
24/05/2003,1,22,31,46,51,57
21/05/2003,6,24,33,38,45,50
17/05/2003,2,3,7,18,45,53
14/05/2003,17,19,22,26,27,48
10/05/2003,15,17,20,29,30,60
07/05/2003,19,23,30,37,49,55
03/05/2003,8,15,17,39,43,49
30/04/2003,13,24,32,34,43,53
26/04/2003,15,17,24,27,32,48
23/04/2003,3,17,22,27,33,40
19/04/2003,2,14,15,17,50,59
16/04/2003,4,17,24,42,46,56
12/04/2003,8,20,23,34,52,58
09/04/2003,11,16,30,36,51,54
05/04/2003,17,18,23,28,31,53
02/04/2003,1,9,13,50,51,59
29/03/2003,1,8,24,34,49,56
26/03/2003,3,5,9,45,51,52
22/03/2003,15,24,25,33,42,55
19/03/2003,8,11,12,17,20,47
15/03/2003,7,20,31,32,50,53
12/03/2003,3,24,33,48,52,57
08/03/2003,11,17,26,36,48,52
01/03/2003,6,15,23,31,37,59
26/02/2003,2,10,15,21,58,59
22/02/2003,3,5,23,30,46,47
19/02/2003,13,20,29,42,43,57
15/02/2003,3,5,11,14,38,48
12/02/2003,7,10,30,44,54,59
08/02/2003,1,6,7,29,48,57
05/02/2003,10,11,17,31,37,43
01/02/2003,4,10,17,24,30,54
29/01/2003,16,17,28,30,36,54
25/01/2003,4,13,17,27,39,50
22/01/2003,26,37,40,47,52,58
18/01/2003,8,10,21,25,38,50
15/01/2003,17,26,32,36,43,55
11/01/2003,8,28,30,32,46,60
08/01/2003,3,13,14,24,43,51
04/01/2003,7,30,32,37,50,54
28/12/2002,6,10,16,34,42,47
21/12/2002,18,27,29,36,46,59
18/12/2002,8,22,32,33,40,53
14/12/2002,12,37,43,55,56,60
11/12/2002,5,35,37,38,45,51
07/12/2002,12,29,30,43,57,59
04/12/2002,9,16,41,42,52,53
30/11/2002,8,15,32,45,49,52
27/11/2002,7,12,21,25,34,42
23/11/2002,1,13,23,33,54,56
20/11/2002,1,4,27,38,42,44
16/11/2002,16,26,35,45,52,58
13/11/2002,2,4,29,33,35,53
09/11/2002,5,12,14,21,45,59
06/11/2002,10,12,31,38,45,56
02/11/2002,8,24,31,36,38,55
30/10/2002,18,25,26,31,34,49
26/10/2002,14,28,33,44,49,56
23/10/2002,2,18,22,49,51,57
19/10/2002,2,12,32,38,47,48
16/10/2002,24,29,34,47,57,60
12/10/2002,1,24,28,38,40,58
09/10/2002,7,16,27,31,46,60
05/10/2002,5,16,27,43,56,58
02/10/2002,11,18,43,44,50,53
28/09/2002,10,13,28,29,54,59
25/09/2002,11,16,27,47,55,59
21/09/2002,7,16,22,28,36,37
18/09/2002,1,2,5,24,32,46
14/09/2002,6,18,34,42,45,47
11/09/2002,10,11,14,20,31,58
07/09/2002,5,15,35,42,45,49
04/09/2002,6,12,35,36,40,50
31/08/2002,15,23,31,39,47,49
28/08/2002,4,7,15,16,35,40
24/08/2002,7,12,22,34,38,53
21/08/2002,5,14,18,43,46,54
17/08/2002,23,36,48,52,53,58
14/08/2002,22,28,29,43,47,48
10/08/2002,17,35,36,39,43,54
07/08/2002,5,12,16,18,22,24
03/08/2002,24,28,40,47,50,52
31/07/2002,14,22,48,50,53,56
27/07/2002,31,34,37,38,53,54
24/07/2002,9,10,28,46,55,56
20/07/2002,13,22,30,31,47,57
17/07/2002,24,33,40,41,55,59
13/07/2002,5,38,41,45,48,55
10/07/2002,3,12,19,27,45,46
06/07/2002,10,13,25,35,43,48
03/07/2002,1,5,9,42,51,58
29/06/2002,2,5,16,26,44,54
26/06/2002,1,5,10,24,31,33
22/06/2002,16,17,24,39,46,57
19/06/2002,4,18,23,33,39,60
15/06/2002,1,4,40,42,51,54
12/06/2002,1,14,21,35,42,60
08/06/2002,13,29,32,38,44,50
05/06/2002,10,12,27,33,49,52
01/06/2002,4,6,7,15,21,51
29/05/2002,19,23,34,37,52,58
25/05/2002,5,29,44,51,57,59
22/05/2002,19,29,39,47,49,54
18/05/2002,7,20,33,37,46,56
15/05/2002,16,28,31,41,45,59
11/05/2002,23,24,29,47,53,55
08/05/2002,13,19,20,29,31,54
04/05/2002,12,17,21,32,40,42
27/04/2002,2,30,32,35,45,53
24/04/2002,5,19,21,54,56,58
20/04/2002,2,14,22,23,37,60
17/04/2002,7,16,38,40,41,52
13/04/2002,19,23,30,46,55,60
10/04/2002,7,20,25,44,47,49
06/04/2002,15,16,24,41,59,60
03/04/2002,10,15,23,30,43,57
30/03/2002,8,9,28,32,38,54
27/03/2002,19,30,33,39,40,52
23/03/2002,1,10,12,26,48,52
20/03/2002,7,12,41,46,56,60
16/03/2002,11,22,46,51,56,58
13/03/2002,10,12,14,33,35,36
09/03/2002,4,6,7,12,24,41
06/03/2002,16,29,34,49,51,54
02/03/2002,5,16,22,23,43,56
27/02/2002,9,10,12,33,42,60
23/02/2002,5,12,13,16,27,50
20/02/2002,1,4,9,36,46,48
16/02/2002,4,14,16,31,52,54
09/02/2002,2,18,22,26,30,54
06/02/2002,7,23,33,43,57,59
02/02/2002,14,23,24,26,41,51
30/01/2002,4,27,35,44,52,53
26/01/2002,23,28,29,34,42,44
23/01/2002,1,13,20,27,35,37
19/01/2002,2,4,14,23,37,51
16/01/2002,10,11,12,24,35,40
12/01/2002,5,7,14,21,23,51
09/01/2002,29,32,33,38,46,48
05/01/2002,21,23,40,44,51,52
29/12/2001,1,3,4,21,23,53
22/12/2001,8,15,22,25,30,47
19/12/2001,26,31,33,40,49,54
15/12/2001,11,18,29,44,47,56
12/12/2001,4,11,31,32,48,49
08/12/2001,20,22,27,47,50,53
05/12/2001,12,16,17,19,23,48
01/12/2001,3,19,20,31,40,53
28/11/2001,16,20,27,30,35,48
24/11/2001,6,24,28,43,51,56
21/11/2001,12,21,22,28,43,50
17/11/2001,5,32,34,37,40,58
14/11/2001,14,16,24,37,38,53
10/11/2001,14,23,30,41,47,50
07/11/2001,22,24,30,32,38,41
03/11/2001,2,14,28,29,31,32
31/10/2001,4,11,25,39,50,55
27/10/2001,4,11,25,29,39,55
24/10/2001,13,16,17,26,41,44
20/10/2001,19,30,41,47,56,57
17/10/2001,5,11,27,38,53,60
13/10/2001,7,11,34,41,42,59
10/10/2001,7,13,17,30,37,47
06/10/2001,12,25,30,40,41,60
03/10/2001,9,26,48,49,57,58
29/09/2001,24,27,28,38,41,57
26/09/2001,2,5,7,33,49,53
22/09/2001,5,22,23,24,34,60
19/09/2001,1,20,28,33,36,41
15/09/2001,3,20,42,46,51,52
12/09/2001,7,12,24,31,44,50
08/09/2001,22,25,28,41,45,57
05/09/2001,5,6,7,12,28,35
01/09/2001,13,23,24,34,45,53
29/08/2001,5,16,17,18,22,41
25/08/2001,7,25,26,30,40,57
22/08/2001,6,7,20,25,30,36
18/08/2001,6,9,11,17,18,50
15/08/2001,3,13,25,33,47,60
11/08/2001,29,35,37,44,47,56
08/08/2001,12,32,37,41,50,56
04/08/2001,7,8,14,30,32,36
01/08/2001,25,28,34,42,48,54
28/07/2001,9,14,23,24,33,36
21/07/2001,5,11,31,38,47,53
14/07/2001,5,16,20,25,30,58
07/07/2001,4,23,31,47,58,59
30/06/2001,10,15,18,22,31,55
23/06/2001,4,26,38,40,52,56
16/06/2001,22,39,45,53,57,59
09/06/2001,16,19,30,37,38,48
02/06/2001,11,13,18,26,39,47
26/05/2001,10,17,23,27,47,52
19/05/2001,9,10,24,36,56,58
12/05/2001,14,24,26,29,31,54
05/05/2001,5,9,27,35,40,45
28/04/2001,17,18,19,25,49,52
21/04/2001,5,6,10,21,33,47
14/04/2001,1,8,45,46,55,58
07/04/2001,2,23,38,46,48,54
31/03/2001,7,16,34,41,50,53
24/03/2001,1,5,13,25,31,33
17/03/2001,8,9,26,43,50,53
10/03/2001,11,20,48,53,58,60
03/03/2001,5,16,20,30,54,56
24/02/2001,4,6,33,43,59,60
17/02/2001,13,15,20,33,43,58
10/02/2001,7,12,50,54,55,60
03/02/2001,1,4,5,19,28,34
27/01/2001,2,21,26,32,34,52
20/01/2001,16,19,20,32,44,55
13/01/2001,1,4,21,22,30,56
06/01/2001,11,12,24,37,44,56
30/12/2000,4,17,26,32,51,54
23/12/2000,15,23,30,34,49,55
16/12/2000,7,25,41,42,43,55
09/12/2000,21,36,40,49,54,55
02/12/2000,16,32,34,35,41,56
25/11/2000,3,10,23,30,34,46
18/11/2000,2,16,32,37,43,57
11/11/2000,8,27,44,51,53,60
04/11/2000,19,24,33,47,50,60
28/10/2000,11,16,20,23,32,47
21/10/2000,4,7,21,22,28,56
14/10/2000,11,31,35,40,56,57
07/10/2000,25,28,38,41,57,59
30/09/2000,6,21,33,44,46,47
23/09/2000,9,13,15,37,41,42
16/09/2000,7,31,36,45,56,57
09/09/2000,10,25,50,52,57,60
02/09/2000,2,22,29,31,41,55
26/08/2000,15,25,41,42,45,54
19/08/2000,3,7,24,32,36,45
12/08/2000,19,22,29,37,41,59
05/08/2000,16,27,36,42,44,59
29/07/2000,8,40,41,44,53,56
22/07/2000,11,13,21,33,39,45
15/07/2000,13,16,40,43,45,59
08/07/2000,11,26,27,37,42,48
01/07/2000,1,2,38,49,50,59
24/06/2000,2,4,16,21,37,58
17/06/2000,7,16,18,20,21,44
10/06/2000,2,6,22,24,28,58
03/06/2000,5,19,30,48,52,55
27/05/2000,13,27,43,50,54,58
20/05/2000,13,14,36,53,55,60
13/05/2000,23,26,28,36,42,49
06/05/2000,12,17,40,42,47,54
29/04/2000,3,27,32,45,49,51
22/04/2000,14,18,30,35,42,59
15/04/2000,7,28,37,46,53,58
08/04/2000,6,12,30,31,35,50
01/04/2000,3,9,23,30,32,35
25/03/2000,6,15,29,45,57,59
18/03/2000,10,20,33,40,45,50
11/03/2000,20,32,37,38,48,58
04/03/2000,13,21,26,32,41,52
26/02/2000,15,23,24,25,47,57
19/02/2000,3,7,19,24,53,55
12/02/2000,18,20,26,34,51,56
05/02/2000,26,32,40,43,46,54
29/01/2000,29,31,39,41,51,58
22/01/2000,11,19,29,44,47,55
15/01/2000,12,24,44,45,49,53
08/01/2000,5,20,22,30,35,55
31/12/1999,12,15,19,34,44,51
24/12/1999,10,16,37,50,52,57
18/12/1999,1,8,18,23,35,40
11/12/1999,5,12,15,19,29,52
04/12/1999,7,9,14,17,24,32
27/11/1999,3,9,17,32,37,44
20/11/1999,25,28,32,33,42,43
13/11/1999,4,11,12,19,43,49
06/11/1999,1,26,28,41,54,60
31/10/1999,1,3,5,23,41,58
24/10/1999,5,10,21,32,40,42
16/10/1999,4,15,31,38,41,53
10/10/1999,17,27,34,42,43,46
02/10/1999,6,36,41,44,48,58
25/09/1999,14,23,24,25,26,51
18/09/1999,17,22,43,46,55,59
11/09/1999,9,16,21,34,41,60
04/09/1999,2,7,11,16,40,44
28/08/1999,3,5,10,28,46,60
21/08/1999,1,27,33,35,51,55
14/08/1999,6,23,29,39,51,60
07/08/1999,5,6,23,26,27,53
31/07/1999,5,15,19,26,27,33
24/07/1999,22,35,38,39,41,59
17/07/1999,1,3,4,28,45,53
10/07/1999,1,10,13,20,42,50
03/07/1999,11,22,23,36,52,59
26/06/1999,17,28,29,42,49,50
19/06/1999,10,14,26,35,36,49
12/06/1999,4,27,40,43,46,54
05/06/1999,7,41,46,51,55,58
29/05/1999,1,13,21,37,51,52
22/05/1999,2,9,31,35,45,50
15/05/1999,1,11,28,33,38,48
08/05/1999,12,13,22,57,59,60
01/05/1999,10,19,23,35,39,56
24/04/1999,4,10,14,19,28,44
17/04/1999,8,27,36,41,53,56
10/04/1999,21,23,33,38,48,51
03/04/1999,6,25,30,37,39,41
27/03/1999,2,13,42,52,54,58
20/03/1999,9,11,16,35,50,58
13/03/1999,4,14,17,43,51,58
06/03/1999,4,13,17,21,41,44
27/02/1999,17,23,42,49,52,55
20/02/1999,12,30,32,35,43,44
13/02/1999,8,10,24,33,45,48
06/02/1999,2,30,31,42,45,47
30/01/1999,5,12,15,29,51,58
23/01/1999,3,16,20,43,52,56
16/01/1999,12,44,50,52,54,55
09/01/1999,7,11,20,28,45,48
31/12/1998,32,35,41,55,58,59
24/12/1998,6,16,23,24,28,38
19/12/1998,25,32,34,42,51,60
12/12/1998,15,16,31,41,43,51
05/12/1998,8,32,36,44,45,55
28/11/1998,6,18,20,40,50,53
21/11/1998,8,15,19,20,54,59
14/11/1998,10,13,22,41,42,58
07/11/1998,7,31,41,44,46,55
31/10/1998,3,13,26,27,41,42
24/10/1998,5,14,27,37,40,41
17/10/1998,15,16,19,22,26,49
10/10/1998,1,17,25,38,45,59
03/10/1998,21,22,35,40,53,59
26/09/1998,4,25,32,36,52,60
19/09/1998,5,6,19,34,39,57
12/09/1998,7,9,35,41,44,50
05/09/1998,4,9,17,27,30,44
29/08/1998,13,29,38,42,49,53
22/08/1998,1,9,10,32,46,54
15/08/1998,3,9,18,21,23,43
08/08/1998,21,29,50,51,54,59
01/08/1998,6,10,11,28,32,40
25/07/1998,25,41,47,53,56,59
18/07/1998,5,15,34,41,52,57
11/07/1998,13,14,16,26,32,42
04/07/1998,11,17,20,39,43,53
27/06/1998,2,29,41,44,53,55
20/06/1998,3,16,27,40,45,46
13/06/1998,1,21,36,38,47,50
06/06/1998,9,22,25,37,56,57
30/05/1998,20,25,27,33,42,53
23/05/1998,5,13,32,36,42,51
16/05/1998,4,6,14,20,24,38
09/05/1998,6,12,18,37,47,54
02/05/1998,7,26,28,34,54,55
25/04/1998,12,20,34,37,42,43
18/04/1998,4,22,25,32,33,52
11/04/1998,18,31,43,52,57,58
04/04/1998,1,13,44,48,49,54
29/03/1998,21,24,29,34,59,60
22/03/1998,2,4,16,24,51,52
15/03/1998,5,16,24,35,38,39
08/03/1998,3,13,31,43,46,49
01/03/1998,1,4,13,21,38,52
22/02/1998,1,7,9,49,54,57
15/02/1998,19,20,37,42,44,56
08/02/1998,1,18,29,31,37,39
01/02/1998,14,29,30,46,48,51
25/01/1998,11,24,30,33,46,60
18/01/1998,13,14,31,33,35,43
11/01/1998,5,11,14,35,53,56
04/01/1998,4,7,26,40,42,58
28/12/1997,6,40,45,46,50,60
21/12/1997,8,18,28,51,52,55
14/12/1997,2,22,28,31,36,53
07/12/1997,1,3,5,23,24,51
30/11/1997,2,4,10,35,39,60
23/11/1997,9,21,26,40,52,54
16/11/1997,13,34,42,44,55,59
09/11/1997,4,18,29,37,43,45
02/11/1997,4,5,11,28,32,40
26/10/1997,6,21,22,34,36,54
19/10/1997,6,15,30,37,45,47
12/10/1997,4,6,10,25,34,40
05/10/1997,4,15,16,24,42,57
28/09/1997,15,18,29,36,51,53
21/09/1997,10,23,41,47,54,60
14/09/1997,23,28,37,40,48,51
07/09/1997,2,13,17,25,31,43
31/08/1997,12,22,25,31,32,46
24/08/1997,21,29,40,49,54,57
17/08/1997,8,17,18,23,33,53
10/08/1997,21,24,35,36,37,49
03/08/1997,2,24,34,37,38,50
27/07/1997,25,26,28,45,51,57
20/07/1997,1,19,34,43,44,48
13/07/1997,16,27,33,43,45,53
06/07/1997,17,23,27,40,43,58
29/06/1997,25,34,45,53,56,58
22/06/1997,1,3,12,13,53,59
15/06/1997,12,14,17,27,47,52
08/06/1997,12,13,15,26,33,48
01/06/1997,1,5,20,25,32,34
25/05/1997,8,12,23,50,54,60
18/05/1997,9,25,26,40,41,49
11/05/1997,6,8,13,24,31,52
04/05/1997,8,18,29,42,44,59
27/04/1997,3,14,15,20,21,38
20/04/1997,2,8,13,28,34,54
13/04/1997,12,27,30,37,44,49
06/04/1997,7,16,17,27,34,59
30/03/1997,2,7,20,35,51,59
23/03/1997,2,14,23,29,38,52
16/03/1997,5,9,18,21,36,56
09/03/1997,3,13,16,38,42,46
02/03/1997,15,30,38,46,58,59
23/02/1997,17,23,24,25,42,47
16/02/1997,6,16,21,44,57,58
09/02/1997,7,13,33,35,43,55
02/02/1997,2,5,28,34,47,50
26/01/1997,3,17,25,35,48,56
19/01/1997,1,23,24,32,46,60
12/01/1997,7,30,37,44,53,55
05/01/1997,14,18,29,38,44,47
29/12/1996,2,6,17,25,26,58
22/12/1996,7,11,19,24,33,36
15/12/1996,12,26,35,38,39,47
08/12/1996,3,5,8,12,46,47
01/12/1996,12,16,37,45,52,56
24/11/1996,10,42,43,45,54,55
17/11/1996,6,7,22,38,52,60
10/11/1996,3,13,17,25,29,51
03/11/1996,4,16,21,23,54,57
27/10/1996,13,15,17,40,53,57
20/10/1996,5,17,33,39,42,49
13/10/1996,5,14,33,36,43,44
06/10/1996,17,19,28,45,48,56
29/09/1996,7,14,15,29,38,50
22/09/1996,3,8,14,43,56,58
15/09/1996,3,6,22,24,54,60
08/09/1996,13,17,20,33,44,51
01/09/1996,10,22,50,53,57,58
25/08/1996,24,43,50,54,55,56
19/08/1996,1,8,14,28,33,43
12/08/1996,17,37,39,51,52,59
05/08/1996,1,9,31,38,46,56
29/07/1996,6,33,36,46,49,53
22/07/1996,11,25,28,30,33,51
15/07/1996,5,10,12,24,25,60
08/07/1996,23,27,36,37,42,56
01/07/1996,6,10,13,19,20,51
24/06/1996,20,32,34,49,58,60
17/06/1996,12,33,35,51,52,60
10/06/1996,2,16,23,27,47,53
03/06/1996,18,32,47,50,54,56
27/05/1996,4,16,19,20,27,43
20/05/1996,15,25,37,38,58,59
13/05/1996,4,18,21,25,38,57
06/05/1996,8,43,54,55,56,60
29/04/1996,4,17,37,38,47,53
22/04/1996,3,5,20,21,38,56
15/04/1996,7,13,19,22,40,47
08/04/1996,1,2,6,16,19,46
01/04/1996,1,5,6,27,42,59
25/03/1996,10,11,29,30,36,47
18/03/1996,9,37,39,41,43,49
11/03/1996,4,5,30,33,41,52
